collector.cpp
F:\codex_project\37_LLMsim\heterollm-sim-4.0.0\artifacts\development\native_long_grid_135_20260915\optimization_loop\round_028\gpu_operator_timing\collector.cpp(52): error C2280: “void std::ref<ValueType>(const _Ty &&)”: 尝试引用已删除的函数
        with
        [
            ValueType=std::basic_string<char,std::char_traits<char>,std::allocator<char>>,
            _Ty=std::basic_string<char,std::char_traits<char>,std::allocator<char>>
        ]
C:\Program Files (x86)\Microsoft Visual Studio\2022\BuildTools\VC\Tools\MSVC\14.44.35207\include\type_traits(2023): note: 参见“std::ref”的声明
F:\codex_project\37_LLMsim\heterollm-sim-4.0.0\artifacts\development\native_long_grid_135_20260915\optimization_loop\round_028\gpu_operator_timing\collector.cpp(52): error C2679: 二元“==”: 没有找到接受“void”类型的右操作数的运算符(或没有可接受的转换)
C:\Program Files (x86)\Windows Kits\10\\include\10.0.19041.0\\shared\guiddef.h(192): note: 可能是“bool operator ==(const GUID &,const GUID &)”
F:\codex_project\37_LLMsim\heterollm-sim-4.0.0\artifacts\development\native_long_grid_135_20260915\optimization_loop\round_028\gpu_operator_timing\collector.cpp(52): note: “bool operator ==(const GUID &,const GUID &)”: 无法将参数 1 从“const J”转换为“const GUID &”
F:\codex_project\37_LLMsim\heterollm-sim-4.0.0\artifacts\development\native_long_grid_135_20260915\optimization_loop\round_028\gpu_operator_timing\collector.cpp(52): note: 原因如下: 无法从“const J”转换为“const GUID”
F:\codex_project\37_LLMsim\heterollm-sim-4.0.0\artifacts\development\native_long_grid_135_20260915\optimization_loop\round_028\gpu_operator_timing\collector.cpp(52): note: 没有可用于执行该转换的用户定义的转换运算符，或者无法调用该运算符
C:\Program Files (x86)\Microsoft Visual Studio\2022\BuildTools\VC\Tools\MSVC\14.44.35207\include\exception(278): note: 或    “bool std::operator ==(const std::exception_ptr &,const std::exception_ptr &) noexcept”[使用参数相关的查找找到]
F:\codex_project\37_LLMsim\heterollm-sim-4.0.0\artifacts\development\native_long_grid_135_20260915\optimization_loop\round_028\gpu_operator_timing\collector.cpp(52): note: “bool std::operator ==(const std::exception_ptr &,const std::exception_ptr &) noexcept”: 无法将参数 1 从“const J”转换为“const std::exception_ptr &”
F:\codex_project\37_LLMsim\heterollm-sim-4.0.0\artifacts\development\native_long_grid_135_20260915\optimization_loop\round_028\gpu_operator_timing\collector.cpp(52): note: 原因如下: 无法从“const J”转换为“const std::exception_ptr”
F:\codex_project\37_LLMsim\heterollm-sim-4.0.0\artifacts\development\native_long_grid_135_20260915\optimization_loop\round_028\gpu_operator_timing\collector.cpp(52): note: 没有可用于执行该转换的用户定义的转换运算符，或者无法调用该运算符
C:\Program Files (x86)\Microsoft Visual Studio\2022\BuildTools\VC\Tools\MSVC\14.44.35207\include\exception(282): note: 或    “bool std::operator ==(const std::exception_ptr &,std::nullptr_t) noexcept”[使用参数相关的查找找到]
F:\codex_project\37_LLMsim\heterollm-sim-4.0.0\artifacts\development\native_long_grid_135_20260915\optimization_loop\round_028\gpu_operator_timing\collector.cpp(52): note: “bool std::operator ==(const std::exception_ptr &,std::nullptr_t) noexcept”: 无法将参数 1 从“const J”转换为“const std::exception_ptr &”
F:\codex_project\37_LLMsim\heterollm-sim-4.0.0\artifacts\development\native_long_grid_135_20260915\optimization_loop\round_028\gpu_operator_timing\collector.cpp(52): note: 原因如下: 无法从“const J”转换为“const std::exception_ptr”
F:\codex_project\37_LLMsim\heterollm-sim-4.0.0\artifacts\development\native_long_grid_135_20260915\optimization_loop\round_028\gpu_operator_timing\collector.cpp(52): note: 没有可用于执行该转换的用户定义的转换运算符，或者无法调用该运算符
C:\Program Files (x86)\Microsoft Visual Studio\2022\BuildTools\VC\Tools\MSVC\14.44.35207\include\exception(287): note: 或    “bool std::operator ==(std::nullptr_t,const std::exception_ptr &) noexcept”[使用参数相关的查找找到]
F:\codex_project\37_LLMsim\heterollm-sim-4.0.0\artifacts\development\native_long_grid_135_20260915\optimization_loop\round_028\gpu_operator_timing\collector.cpp(52): note: “bool std::operator ==(std::nullptr_t,const std::exception_ptr &) noexcept”: 无法将参数 1 从“const J”转换为“std::nullptr_t”
F:\codex_project\37_LLMsim\heterollm-sim-4.0.0\artifacts\development\native_long_grid_135_20260915\optimization_loop\round_028\gpu_operator_timing\collector.cpp(52): note: 没有可用于执行该转换的用户定义的转换运算符，或者无法调用该运算符
C:\Program Files (x86)\Microsoft Visual Studio\2022\BuildTools\VC\Tools\MSVC\14.44.35207\include\system_error(215): note: 或    “bool std::operator ==(const std::error_code &,const std::error_code &) noexcept”[使用参数相关的查找找到]
F:\codex_project\37_LLMsim\heterollm-sim-4.0.0\artifacts\development\native_long_grid_135_20260915\optimization_loop\round_028\gpu_operator_timing\collector.cpp(52): note: “bool std::operator ==(const std::error_code &,const std::error_code &) noexcept”: 无法将参数 1 从“const J”转换为“const std::error_code &”
F:\codex_project\37_LLMsim\heterollm-sim-4.0.0\artifacts\development\native_long_grid_135_20260915\optimization_loop\round_028\gpu_operator_timing\collector.cpp(52): note: 原因如下: 无法从“const J”转换为“const std::error_code”
F:\codex_project\37_LLMsim\heterollm-sim-4.0.0\artifacts\development\native_long_grid_135_20260915\optimization_loop\round_028\gpu_operator_timing\collector.cpp(52): note: 没有可用于执行该转换的用户定义的转换运算符，或者无法调用该运算符
C:\Program Files (x86)\Microsoft Visual Studio\2022\BuildTools\VC\Tools\MSVC\14.44.35207\include\system_error(219): note: 或    “bool std::operator ==(const std::error_code &,const std::error_condition &) noexcept”[使用参数相关的查找找到]
F:\codex_project\37_LLMsim\heterollm-sim-4.0.0\artifacts\development\native_long_grid_135_20260915\optimization_loop\round_028\gpu_operator_timing\collector.cpp(52): note: “bool std::operator ==(const std::error_code &,const std::error_condition &) noexcept”: 无法将参数 1 从“const J”转换为“const std::error_code &”
F:\codex_project\37_LLMsim\heterollm-sim-4.0.0\artifacts\development\native_long_grid_135_20260915\optimization_loop\round_028\gpu_operator_timing\collector.cpp(52): note: 原因如下: 无法从“const J”转换为“const std::error_code”
F:\codex_project\37_LLMsim\heterollm-sim-4.0.0\artifacts\development\native_long_grid_135_20260915\optimization_loop\round_028\gpu_operator_timing\collector.cpp(52): note: 没有可用于执行该转换的用户定义的转换运算符，或者无法调用该运算符
C:\Program Files (x86)\Microsoft Visual Studio\2022\BuildTools\VC\Tools\MSVC\14.44.35207\include\system_error(235): note: 或    “bool std::operator ==(const std::error_condition &,const std::error_code &) noexcept”[使用参数相关的查找找到]
F:\codex_project\37_LLMsim\heterollm-sim-4.0.0\artifacts\development\native_long_grid_135_20260915\optimization_loop\round_028\gpu_operator_timing\collector.cpp(52): note: “bool std::operator ==(const std::error_condition &,const std::error_code &) noexcept”: 无法将参数 1 从“const J”转换为“const std::error_condition &”
F:\codex_project\37_LLMsim\heterollm-sim-4.0.0\artifacts\development\native_long_grid_135_20260915\optimization_loop\round_028\gpu_operator_timing\collector.cpp(52): note: 原因如下: 无法从“const J”转换为“const std::error_condition”
F:\codex_project\37_LLMsim\heterollm-sim-4.0.0\artifacts\development\native_long_grid_135_20260915\optimization_loop\round_028\gpu_operator_timing\collector.cpp(52): note: 没有可用于执行该转换的用户定义的转换运算符，或者无法调用该运算符
C:\Program Files (x86)\Microsoft Visual Studio\2022\BuildTools\VC\Tools\MSVC\14.44.35207\include\system_error(304): note: 或    “bool std::operator ==(const std::error_condition &,const std::error_condition &) noexcept”[使用参数相关的查找找到]
F:\codex_project\37_LLMsim\heterollm-sim-4.0.0\artifacts\development\native_long_grid_135_20260915\optimization_loop\round_028\gpu_operator_timing\collector.cpp(52): note: “bool std::operator ==(const std::error_condition &,const std::error_condition &) noexcept”: 无法将参数 1 从“const J”转换为“const std::error_condition &”
F:\codex_project\37_LLMsim\heterollm-sim-4.0.0\artifacts\development\native_long_grid_135_20260915\optimization_loop\round_028\gpu_operator_timing\collector.cpp(52): note: 原因如下: 无法从“const J”转换为“const std::error_condition”
F:\codex_project\37_LLMsim\heterollm-sim-4.0.0\artifacts\development\native_long_grid_135_20260915\optimization_loop\round_028\gpu_operator_timing\collector.cpp(52): note: 没有可用于执行该转换的用户定义的转换运算符，或者无法调用该运算符
F:\codex_project\37_LLMsim\heterollm-sim-4.0.0\source\llama.cpp-semantic\vendor\nlohmann\json.hpp(13463): note: 或    “bool nlohmann::json_abi_v3_12_0::detail::operator ==(nlohmann::json_abi_v3_12_0::detail::primitive_iterator_t,nlohmann::json_abi_v3_12_0::detail::primitive_iterator_t) noexcept”[使用参数相关的查找找到]
F:\codex_project\37_LLMsim\heterollm-sim-4.0.0\artifacts\development\native_long_grid_135_20260915\optimization_loop\round_028\gpu_operator_timing\collector.cpp(52): note: “bool nlohmann::json_abi_v3_12_0::detail::operator ==(nlohmann::json_abi_v3_12_0::detail::primitive_iterator_t,nlohmann::json_abi_v3_12_0::detail::primitive_iterator_t) noexcept”: 无法将参数 1 从“const J”转换为“nlohmann::json_abi_v3_12_0::detail::primitive_iterator_t”
F:\codex_project\37_LLMsim\heterollm-sim-4.0.0\artifacts\development\native_long_grid_135_20260915\optimization_loop\round_028\gpu_operator_timing\collector.cpp(52): note: 没有可用于执行该转换的用户定义的转换运算符，或者无法调用该运算符
F:\codex_project\37_LLMsim\heterollm-sim-4.0.0\source\llama.cpp-semantic\vendor\nlohmann\json.hpp(23828): note: 或    “bool nlohmann::json_abi_v3_12_0::basic_json<std::map,std::vector,std::string,bool,int64_t,uint64_t,double,std::allocator,nlohmann::json_abi_v3_12_0::adl_serializer,std::vector<uint8_t,std::allocator<uint8_t>>,void>::operator ==(const nlohmann::json_abi_v3_12_0::basic_json<std::map,std::vector,std::string,bool,int64_t,uint64_t,double,std::allocator,nlohmann::json_abi_v3_12_0::adl_serializer,std::vector<uint8_t,std::allocator<uint8_t>>,void> &,const nlohmann::json_abi_v3_12_0::basic_json<std::map,std::vector,std::string,bool,int64_t,uint64_t,double,std::allocator,nlohmann::json_abi_v3_12_0::adl_serializer,std::vector<uint8_t,std::allocator<uint8_t>>,void> &) noexcept”[使用参数相关的查找找到]
F:\codex_project\37_LLMsim\heterollm-sim-4.0.0\artifacts\development\native_long_grid_135_20260915\optimization_loop\round_028\gpu_operator_timing\collector.cpp(52): note: “bool nlohmann::json_abi_v3_12_0::basic_json<std::map,std::vector,std::string,bool,int64_t,uint64_t,double,std::allocator,nlohmann::json_abi_v3_12_0::adl_serializer,std::vector<uint8_t,std::allocator<uint8_t>>,void>::operator ==(const nlohmann::json_abi_v3_12_0::basic_json<std::map,std::vector,std::string,bool,int64_t,uint64_t,double,std::allocator,nlohmann::json_abi_v3_12_0::adl_serializer,std::vector<uint8_t,std::allocator<uint8_t>>,void> &,const nlohmann::json_abi_v3_12_0::basic_json<std::map,std::vector,std::string,bool,int64_t,uint64_t,double,std::allocator,nlohmann::json_abi_v3_12_0::adl_serializer,std::vector<uint8_t,std::allocator<uint8_t>>,void> &) noexcept”: 无法将参数 2 从“void”转换为“const nlohmann::json_abi_v3_12_0::basic_json<std::map,std::vector,std::string,bool,int64_t,uint64_t,double,std::allocator,nlohmann::json_abi_v3_12_0::adl_serializer,std::vector<uint8_t,std::allocator<uint8_t>>,void> &”
F:\codex_project\37_LLMsim\heterollm-sim-4.0.0\artifacts\development\native_long_grid_135_20260915\optimization_loop\round_028\gpu_operator_timing\collector.cpp(52): note: void 类型的表达式不能转换为其他类型
C:\Program Files (x86)\Microsoft Visual Studio\2022\BuildTools\VC\Tools\MSVC\14.44.35207\include\thread(267): note: 或    “bool std::operator ==(std::thread::id,std::thread::id) noexcept”[使用参数相关的查找找到]
F:\codex_project\37_LLMsim\heterollm-sim-4.0.0\artifacts\development\native_long_grid_135_20260915\optimization_loop\round_028\gpu_operator_timing\collector.cpp(52): note: “bool std::operator ==(std::thread::id,std::thread::id) noexcept”: 无法将参数 1 从“const J”转换为“std::thread::id”
F:\codex_project\37_LLMsim\heterollm-sim-4.0.0\artifacts\development\native_long_grid_135_20260915\optimization_loop\round_028\gpu_operator_timing\collector.cpp(52): note: 没有可用于执行该转换的用户定义的转换运算符，或者无法调用该运算符
F:\codex_project\37_LLMsim\heterollm-sim-4.0.0\source\llama.cpp-semantic\vendor\nlohmann\json.hpp(23828): note: 或    “bool nlohmann::json_abi_v3_12_0::basic_json<nlohmann::json_abi_v3_12_0::ordered_map,std::vector,std::string,bool,int64_t,uint64_t,double,std::allocator,nlohmann::json_abi_v3_12_0::adl_serializer,std::vector<uint8_t,std::allocator<uint8_t>>,void>::operator ==(const nlohmann::json_abi_v3_12_0::basic_json<nlohmann::json_abi_v3_12_0::ordered_map,std::vector,std::string,bool,int64_t,uint64_t,double,std::allocator,nlohmann::json_abi_v3_12_0::adl_serializer,std::vector<uint8_t,std::allocator<uint8_t>>,void> &,const nlohmann::json_abi_v3_12_0::basic_json<nlohmann::json_abi_v3_12_0::ordered_map,std::vector,std::string,bool,int64_t,uint64_t,double,std::allocator,nlohmann::json_abi_v3_12_0::adl_serializer,std::vector<uint8_t,std::allocator<uint8_t>>,void> &) noexcept”[使用参数相关的查找找到]
F:\codex_project\37_LLMsim\heterollm-sim-4.0.0\artifacts\development\native_long_grid_135_20260915\optimization_loop\round_028\gpu_operator_timing\collector.cpp(52): note: “bool nlohmann::json_abi_v3_12_0::basic_json<nlohmann::json_abi_v3_12_0::ordered_map,std::vector,std::string,bool,int64_t,uint64_t,double,std::allocator,nlohmann::json_abi_v3_12_0::adl_serializer,std::vector<uint8_t,std::allocator<uint8_t>>,void>::operator ==(const nlohmann::json_abi_v3_12_0::basic_json<nlohmann::json_abi_v3_12_0::ordered_map,std::vector,std::string,bool,int64_t,uint64_t,double,std::allocator,nlohmann::json_abi_v3_12_0::adl_serializer,std::vector<uint8_t,std::allocator<uint8_t>>,void> &,const nlohmann::json_abi_v3_12_0::basic_json<nlohmann::json_abi_v3_12_0::ordered_map,std::vector,std::string,bool,int64_t,uint64_t,double,std::allocator,nlohmann::json_abi_v3_12_0::adl_serializer,std::vector<uint8_t,std::allocator<uint8_t>>,void> &) noexcept”: 无法将参数 2 从“void”转换为“const nlohmann::json_abi_v3_12_0::basic_json<nlohmann::json_abi_v3_12_0::ordered_map,std::vector,std::string,bool,int64_t,uint64_t,double,std::allocator,nlohmann::json_abi_v3_12_0::adl_serializer,std::vector<uint8_t,std::allocator<uint8_t>>,void> &”
F:\codex_project\37_LLMsim\heterollm-sim-4.0.0\artifacts\development\native_long_grid_135_20260915\optimization_loop\round_028\gpu_operator_timing\collector.cpp(52): note: void 类型的表达式不能转换为其他类型
C:\Program Files (x86)\Microsoft Visual Studio\2022\BuildTools\VC\Tools\MSVC\14.44.35207\include\utility(503): note: 或    “bool std::operator ==(const std::pair<_Ty1,_Ty2> &,const std::pair<_Uty1,_Uty2> &)”
F:\codex_project\37_LLMsim\heterollm-sim-4.0.0\artifacts\development\native_long_grid_135_20260915\optimization_loop\round_028\gpu_operator_timing\collector.cpp(52): note: “bool std::operator ==(const std::pair<_Ty1,_Ty2> &,const std::pair<_Uty1,_Uty2> &)”: 无法从“const J”推导出“const std::pair<_Ty1,_Ty2> &”的 模板 参数
C:\Program Files (x86)\Microsoft Visual Studio\2022\BuildTools\VC\Tools\MSVC\14.44.35207\include\xutility(1896): note: 或    “bool std::operator ==(const std::reverse_iterator<_BidIt> &,const std::reverse_iterator<_BidIt2> &) noexcept(<expr>)”
F:\codex_project\37_LLMsim\heterollm-sim-4.0.0\artifacts\development\native_long_grid_135_20260915\optimization_loop\round_028\gpu_operator_timing\collector.cpp(52): note: “bool std::operator ==(const std::reverse_iterator<_BidIt> &,const std::reverse_iterator<_BidIt2> &) noexcept(<expr>)”: 无法从“const J”推导出“const std::reverse_iterator<_BidIt> &”的 模板 参数
C:\Program Files (x86)\Microsoft Visual Studio\2022\BuildTools\VC\Tools\MSVC\14.44.35207\include\xutility(4458): note: 或    “bool std::operator ==(const std::move_iterator<_Iter> &,const std::move_iterator<_Iter2> &) noexcept(<expr>)”
F:\codex_project\37_LLMsim\heterollm-sim-4.0.0\artifacts\development\native_long_grid_135_20260915\optimization_loop\round_028\gpu_operator_timing\collector.cpp(52): note: “bool std::operator ==(const std::move_iterator<_Iter> &,const std::move_iterator<_Iter2> &) noexcept(<expr>)”: 无法从“const J”推导出“const std::move_iterator<_Iter> &”的 模板 参数
C:\Program Files (x86)\Microsoft Visual Studio\2022\BuildTools\VC\Tools\MSVC\14.44.35207\include\xmemory(1050): note: 或    “bool std::operator ==(const std::allocator<_Ty> &,const std::allocator<_Other> &) noexcept”
F:\codex_project\37_LLMsim\heterollm-sim-4.0.0\artifacts\development\native_long_grid_135_20260915\optimization_loop\round_028\gpu_operator_timing\collector.cpp(52): note: “bool std::operator ==(const std::allocator<_Ty> &,const std::allocator<_Other> &) noexcept”: 无法从“const J”推导出“const std::allocator<_Ty> &”的 模板 参数
C:\Program Files (x86)\Microsoft Visual Studio\2022\BuildTools\VC\Tools\MSVC\14.44.35207\include\array(777): note: 或    “bool std::operator ==(const std::array<_Ty,_Size> &,const std::array<_Ty,_Size> &)”
F:\codex_project\37_LLMsim\heterollm-sim-4.0.0\artifacts\development\native_long_grid_135_20260915\optimization_loop\round_028\gpu_operator_timing\collector.cpp(52): note: “bool std::operator ==(const std::array<_Ty,_Size> &,const std::array<_Ty,_Size> &)”: 无法从“const J”推导出“const std::array<_Ty,_Size> &”的 模板 参数
C:\Program Files (x86)\Microsoft Visual Studio\2022\BuildTools\VC\Tools\MSVC\14.44.35207\include\__msvc_string_view.hpp(1852): note: 或    “bool std::operator ==(const std::basic_string_view<_Elem,_Traits>,const std::basic_string_view<_Elem,_Traits>) noexcept”
F:\codex_project\37_LLMsim\heterollm-sim-4.0.0\artifacts\development\native_long_grid_135_20260915\optimization_loop\round_028\gpu_operator_timing\collector.cpp(52): note: “bool std::operator ==(const std::basic_string_view<_Elem,_Traits>,const std::basic_string_view<_Elem,_Traits>) noexcept”: 无法从“const J”推导出“const std::basic_string_view<_Elem,_Traits>”的 模板 参数
C:\Program Files (x86)\Microsoft Visual Studio\2022\BuildTools\VC\Tools\MSVC\14.44.35207\include\__msvc_string_view.hpp(1858): note: 或    “bool std::operator ==(const _Identity<std::basic_string_view<_Elem,_Traits>>::type,const std::basic_string_view<_Elem,_Traits>) noexcept”
F:\codex_project\37_LLMsim\heterollm-sim-4.0.0\artifacts\development\native_long_grid_135_20260915\optimization_loop\round_028\gpu_operator_timing\collector.cpp(52): note: “bool std::operator ==(const _Identity<std::basic_string_view<_Elem,_Traits>>::type,const std::basic_string_view<_Elem,_Traits>) noexcept”: 无法从“void”推导出“const std::basic_string_view<_Elem,_Traits>”的 模板 参数
C:\Program Files (x86)\Microsoft Visual Studio\2022\BuildTools\VC\Tools\MSVC\14.44.35207\include\__msvc_string_view.hpp(1864): note: 或    “bool std::operator ==(const std::basic_string_view<_Elem,_Traits>,const _Identity<std::basic_string_view<_Elem,_Traits>>::type) noexcept”
F:\codex_project\37_LLMsim\heterollm-sim-4.0.0\artifacts\development\native_long_grid_135_20260915\optimization_loop\round_028\gpu_operator_timing\collector.cpp(52): note: “bool std::operator ==(const std::basic_string_view<_Elem,_Traits>,const _Identity<std::basic_string_view<_Elem,_Traits>>::type) noexcept”: 无法从“const J”推导出“const std::basic_string_view<_Elem,_Traits>”的 模板 参数
C:\Program Files (x86)\Microsoft Visual Studio\2022\BuildTools\VC\Tools\MSVC\14.44.35207\include\tuple(844): note: 或    “bool std::operator ==(const std::tuple<_Types...> &,const std::tuple<_Types...> &)”
F:\codex_project\37_LLMsim\heterollm-sim-4.0.0\artifacts\development\native_long_grid_135_20260915\optimization_loop\round_028\gpu_operator_timing\collector.cpp(52): note: “bool std::operator ==(const std::tuple<_Types...> &,const std::tuple<_Types...> &)”: 无法从“const J”推导出“const std::tuple<_Types...> &”的 模板 参数
C:\Program Files (x86)\Microsoft Visual Studio\2022\BuildTools\VC\Tools\MSVC\14.44.35207\include\xstring(3257): note: 或    “bool std::operator ==(const std::basic_string<_Elem,_Traits,_Alloc> &,const std::basic_string<_Elem,_Traits,_Alloc> &) noexcept”
F:\codex_project\37_LLMsim\heterollm-sim-4.0.0\artifacts\development\native_long_grid_135_20260915\optimization_loop\round_028\gpu_operator_timing\collector.cpp(52): note: “bool std::operator ==(const std::basic_string<_Elem,_Traits,_Alloc> &,const std::basic_string<_Elem,_Traits,_Alloc> &) noexcept”: 无法从“const J”推导出“const std::basic_string<_Elem,_Traits,_Alloc> &”的 模板 参数
C:\Program Files (x86)\Microsoft Visual Studio\2022\BuildTools\VC\Tools\MSVC\14.44.35207\include\xstring(3263): note: 或    “bool std::operator ==(const std::basic_string<_Elem,_Traits,_Alloc> &,const _Elem *const ) noexcept”
F:\codex_project\37_LLMsim\heterollm-sim-4.0.0\artifacts\development\native_long_grid_135_20260915\optimization_loop\round_028\gpu_operator_timing\collector.cpp(52): note: “bool std::operator ==(const std::basic_string<_Elem,_Traits,_Alloc> &,const _Elem *const ) noexcept”: 无法从“const J”推导出“const std::basic_string<_Elem,_Traits,_Alloc> &”的 模板 参数
C:\Program Files (x86)\Microsoft Visual Studio\2022\BuildTools\VC\Tools\MSVC\14.44.35207\include\xstring(3282): note: 或    “bool std::operator ==(const _Elem *const ,const std::basic_string<_Elem,_Traits,_Alloc> &) noexcept”
F:\codex_project\37_LLMsim\heterollm-sim-4.0.0\artifacts\development\native_long_grid_135_20260915\optimization_loop\round_028\gpu_operator_timing\collector.cpp(52): note: “bool std::operator ==(const _Elem *const ,const std::basic_string<_Elem,_Traits,_Alloc> &) noexcept”: 无法从“const J”推导出“const _Elem *const ”的 模板 参数
C:\Program Files (x86)\Microsoft Visual Studio\2022\BuildTools\VC\Tools\MSVC\14.44.35207\include\vector(2266): note: 或    “bool std::operator ==(const std::vector<_Ty,_Alloc> &,const std::vector<_Ty,_Alloc> &)”
F:\codex_project\37_LLMsim\heterollm-sim-4.0.0\artifacts\development\native_long_grid_135_20260915\optimization_loop\round_028\gpu_operator_timing\collector.cpp(52): note: “bool std::operator ==(const std::vector<_Ty,_Alloc> &,const std::vector<_Ty,_Alloc> &)”: 无法从“const J”推导出“const std::vector<_Ty,_Alloc> &”的 模板 参数
C:\Program Files (x86)\Microsoft Visual Studio\2022\BuildTools\VC\Tools\MSVC\14.44.35207\include\list(1890): note: 或    “bool std::operator ==(const std::list<_Ty,_Alloc> &,const std::list<_Ty,_Alloc> &)”
F:\codex_project\37_LLMsim\heterollm-sim-4.0.0\artifacts\development\native_long_grid_135_20260915\optimization_loop\round_028\gpu_operator_timing\collector.cpp(52): note: “bool std::operator ==(const std::list<_Ty,_Alloc> &,const std::list<_Ty,_Alloc> &)”: 无法从“const J”推导出“const std::list<_Ty,_Alloc> &”的 模板 参数
C:\Program Files (x86)\Microsoft Visual Studio\2022\BuildTools\VC\Tools\MSVC\14.44.35207\include\unordered_map(536): note: 或    “bool std::operator ==(const std::unordered_map<_Kty,_Ty,_Hasher,_Keyeq,_Alloc> &,const std::unordered_map<_Kty,_Ty,_Hasher,_Keyeq,_Alloc> &)”
F:\codex_project\37_LLMsim\heterollm-sim-4.0.0\artifacts\development\native_long_grid_135_20260915\optimization_loop\round_028\gpu_operator_timing\collector.cpp(52): note: “bool std::operator ==(const std::unordered_map<_Kty,_Ty,_Hasher,_Keyeq,_Alloc> &,const std::unordered_map<_Kty,_Ty,_Hasher,_Keyeq,_Alloc> &)”: 无法从“const J”推导出“const std::unordered_map<_Kty,_Ty,_Hasher,_Keyeq,_Alloc> &”的 模板 参数
C:\Program Files (x86)\Microsoft Visual Studio\2022\BuildTools\VC\Tools\MSVC\14.44.35207\include\unordered_map(908): note: 或    “bool std::operator ==(const std::unordered_multimap<_Kty,_Ty,_Hasher,_Keyeq,_Alloc> &,const std::unordered_multimap<_Kty,_Ty,_Hasher,_Keyeq,_Alloc> &)”
F:\codex_project\37_LLMsim\heterollm-sim-4.0.0\artifacts\development\native_long_grid_135_20260915\optimization_loop\round_028\gpu_operator_timing\collector.cpp(52): note: “bool std::operator ==(const std::unordered_multimap<_Kty,_Ty,_Hasher,_Keyeq,_Alloc> &,const std::unordered_multimap<_Kty,_Ty,_Hasher,_Keyeq,_Alloc> &)”: 无法从“const J”推导出“const std::unordered_multimap<_Kty,_Ty,_Hasher,_Keyeq,_Alloc> &”的 模板 参数
C:\Program Files (x86)\Microsoft Visual Studio\2022\BuildTools\VC\Tools\MSVC\14.44.35207\include\functional(1284): note: 或    “bool std::operator ==(const std::function<_Fty> &,std::nullptr_t) noexcept”
F:\codex_project\37_LLMsim\heterollm-sim-4.0.0\artifacts\development\native_long_grid_135_20260915\optimization_loop\round_028\gpu_operator_timing\collector.cpp(52): note: “bool std::operator ==(const std::function<_Fty> &,std::nullptr_t) noexcept”: 无法从“const J”推导出“const std::function<_Fty> &”的 模板 参数
C:\Program Files (x86)\Microsoft Visual Studio\2022\BuildTools\VC\Tools\MSVC\14.44.35207\include\functional(1290): note: 或    “bool std::operator ==(std::nullptr_t,const std::function<_Fty> &) noexcept”
F:\codex_project\37_LLMsim\heterollm-sim-4.0.0\artifacts\development\native_long_grid_135_20260915\optimization_loop\round_028\gpu_operator_timing\collector.cpp(52): note: “bool std::operator ==(std::nullptr_t,const std::function<_Fty> &) noexcept”: 无法从“void”推导出“const std::function<_Fty> &”的 模板 参数
C:\Program Files (x86)\Microsoft Visual Studio\2022\BuildTools\VC\Tools\MSVC\14.44.35207\include\iterator(304): note: 或    “bool std::operator ==(const std::istream_iterator<_Ty,_Elem,_Traits,_Diff> &,const std::istream_iterator<_Ty,_Elem,_Traits,_Diff> &) noexcept”
F:\codex_project\37_LLMsim\heterollm-sim-4.0.0\artifacts\development\native_long_grid_135_20260915\optimization_loop\round_028\gpu_operator_timing\collector.cpp(52): note: “bool std::operator ==(const std::istream_iterator<_Ty,_Elem,_Traits,_Diff> &,const std::istream_iterator<_Ty,_Elem,_Traits,_Diff> &) noexcept”: 无法从“const J”推导出“const std::istream_iterator<_Ty,_Elem,_Traits,_Diff> &”的 模板 参数
C:\Program Files (x86)\Microsoft Visual Studio\2022\BuildTools\VC\Tools\MSVC\14.44.35207\include\iterator(486): note: 或    “bool std::operator ==(const std::istreambuf_iterator<_Elem,_Traits> &,const std::istreambuf_iterator<_Elem,_Traits> &)”
F:\codex_project\37_LLMsim\heterollm-sim-4.0.0\artifacts\development\native_long_grid_135_20260915\optimization_loop\round_028\gpu_operator_timing\collector.cpp(52): note: “bool std::operator ==(const std::istreambuf_iterator<_Elem,_Traits> &,const std::istreambuf_iterator<_Elem,_Traits> &)”: 无法从“const J”推导出“const std::istreambuf_iterator<_Elem,_Traits> &”的 模板 参数
C:\Program Files (x86)\Microsoft Visual Studio\2022\BuildTools\VC\Tools\MSVC\14.44.35207\include\memory(1880): note: 或    “bool std::operator ==(const std::shared_ptr<_Ty> &,const std::shared_ptr<_Ty0> &) noexcept”
F:\codex_project\37_LLMsim\heterollm-sim-4.0.0\artifacts\development\native_long_grid_135_20260915\optimization_loop\round_028\gpu_operator_timing\collector.cpp(52): note: “bool std::operator ==(const std::shared_ptr<_Ty> &,const std::shared_ptr<_Ty0> &) noexcept”: 无法从“const J”推导出“const std::shared_ptr<_Ty> &”的 模板 参数
C:\Program Files (x86)\Microsoft Visual Studio\2022\BuildTools\VC\Tools\MSVC\14.44.35207\include\memory(1917): note: 或    “bool std::operator ==(const std::shared_ptr<_Ty> &,std::nullptr_t) noexcept”
F:\codex_project\37_LLMsim\heterollm-sim-4.0.0\artifacts\development\native_long_grid_135_20260915\optimization_loop\round_028\gpu_operator_timing\collector.cpp(52): note: “bool std::operator ==(const std::shared_ptr<_Ty> &,std::nullptr_t) noexcept”: 无法从“const J”推导出“const std::shared_ptr<_Ty> &”的 模板 参数
C:\Program Files (x86)\Microsoft Visual Studio\2022\BuildTools\VC\Tools\MSVC\14.44.35207\include\memory(1928): note: 或    “bool std::operator ==(std::nullptr_t,const std::shared_ptr<_Ty> &) noexcept”
F:\codex_project\37_LLMsim\heterollm-sim-4.0.0\artifacts\development\native_long_grid_135_20260915\optimization_loop\round_028\gpu_operator_timing\collector.cpp(52): note: “bool std::operator ==(std::nullptr_t,const std::shared_ptr<_Ty> &) noexcept”: 无法从“void”推导出“const std::shared_ptr<_Ty> &”的 模板 参数
C:\Program Files (x86)\Microsoft Visual Studio\2022\BuildTools\VC\Tools\MSVC\14.44.35207\include\memory(3666): note: 或    “bool std::operator ==(const std::unique_ptr<_Ty,_Dx> &,const std::unique_ptr<_Ty2,_Dx2> &)”
F:\codex_project\37_LLMsim\heterollm-sim-4.0.0\artifacts\development\native_long_grid_135_20260915\optimization_loop\round_028\gpu_operator_timing\collector.cpp(52): note: “bool std::operator ==(const std::unique_ptr<_Ty,_Dx> &,const std::unique_ptr<_Ty2,_Dx2> &)”: 无法从“const J”推导出“const std::unique_ptr<_Ty,_Dx> &”的 模板 参数
C:\Program Files (x86)\Microsoft Visual Studio\2022\BuildTools\VC\Tools\MSVC\14.44.35207\include\memory(3712): note: 或    “bool std::operator ==(const std::unique_ptr<_Ty,_Dx> &,std::nullptr_t) noexcept”
F:\codex_project\37_LLMsim\heterollm-sim-4.0.0\artifacts\development\native_long_grid_135_20260915\optimization_loop\round_028\gpu_operator_timing\collector.cpp(52): note: “bool std::operator ==(const std::unique_ptr<_Ty,_Dx> &,std::nullptr_t) noexcept”: 无法从“const J”推导出“const std::unique_ptr<_Ty,_Dx> &”的 模板 参数
C:\Program Files (x86)\Microsoft Visual Studio\2022\BuildTools\VC\Tools\MSVC\14.44.35207\include\memory(3718): note: 或    “bool std::operator ==(std::nullptr_t,const std::unique_ptr<_Ty,_Dx> &) noexcept”
F:\codex_project\37_LLMsim\heterollm-sim-4.0.0\artifacts\development\native_long_grid_135_20260915\optimization_loop\round_028\gpu_operator_timing\collector.cpp(52): note: “bool std::operator ==(std::nullptr_t,const std::unique_ptr<_Ty,_Dx> &) noexcept”: 无法从“void”推导出“const std::unique_ptr<_Ty,_Dx> &”的 模板 参数
C:\Program Files (x86)\Microsoft Visual Studio\2022\BuildTools\VC\Tools\MSVC\14.44.35207\include\forward_list(1589): note: 或    “bool std::operator ==(const std::forward_list<_Ty,_Alloc> &,const std::forward_list<_Ty,_Alloc> &)”
F:\codex_project\37_LLMsim\heterollm-sim-4.0.0\artifacts\development\native_long_grid_135_20260915\optimization_loop\round_028\gpu_operator_timing\collector.cpp(52): note: “bool std::operator ==(const std::forward_list<_Ty,_Alloc> &,const std::forward_list<_Ty,_Alloc> &)”: 无法从“const J”推导出“const std::forward_list<_Ty,_Alloc> &”的 模板 参数
C:\Program Files (x86)\Microsoft Visual Studio\2022\BuildTools\VC\Tools\MSVC\14.44.35207\include\map(400): note: 或    “bool std::operator ==(const std::map<_Kty,_Ty,_Pr,_Alloc> &,const std::map<_Kty,_Ty,_Pr,_Alloc> &)”
F:\codex_project\37_LLMsim\heterollm-sim-4.0.0\artifacts\development\native_long_grid_135_20260915\optimization_loop\round_028\gpu_operator_timing\collector.cpp(52): note: “bool std::operator ==(const std::map<_Kty,_Ty,_Pr,_Alloc> &,const std::map<_Kty,_Ty,_Pr,_Alloc> &)”: 无法从“const J”推导出“const std::map<_Kty,_Ty,_Pr,_Alloc> &”的 模板 参数
C:\Program Files (x86)\Microsoft Visual Studio\2022\BuildTools\VC\Tools\MSVC\14.44.35207\include\map(631): note: 或    “bool std::operator ==(const std::multimap<_Kty,_Ty,_Pr,_Alloc> &,const std::multimap<_Kty,_Ty,_Pr,_Alloc> &)”
F:\codex_project\37_LLMsim\heterollm-sim-4.0.0\artifacts\development\native_long_grid_135_20260915\optimization_loop\round_028\gpu_operator_timing\collector.cpp(52): note: “bool std::operator ==(const std::multimap<_Kty,_Ty,_Pr,_Alloc> &,const std::multimap<_Kty,_Ty,_Pr,_Alloc> &)”: 无法从“const J”推导出“const std::multimap<_Kty,_Ty,_Pr,_Alloc> &”的 模板 参数
C:\Program Files (x86)\Microsoft Visual Studio\2022\BuildTools\VC\Tools\MSVC\14.44.35207\include\valarray(1032): note: 或    “std::_Boolarray std::operator ==(const std::valarray<_Ty> &,const valarray<_Ty>::value_type &)”
F:\codex_project\37_LLMsim\heterollm-sim-4.0.0\artifacts\development\native_long_grid_135_20260915\optimization_loop\round_028\gpu_operator_timing\collector.cpp(52): note: “std::_Boolarray std::operator ==(const std::valarray<_Ty> &,const valarray<_Ty>::value_type &)”: 无法从“const J”推导出“const std::valarray<_Ty> &”的 模板 参数
C:\Program Files (x86)\Microsoft Visual Studio\2022\BuildTools\VC\Tools\MSVC\14.44.35207\include\valarray(1042): note: 或    “std::_Boolarray std::operator ==(const valarray<_Ty>::value_type &,const std::valarray<_Ty> &)”
F:\codex_project\37_LLMsim\heterollm-sim-4.0.0\artifacts\development\native_long_grid_135_20260915\optimization_loop\round_028\gpu_operator_timing\collector.cpp(52): note: “std::_Boolarray std::operator ==(const valarray<_Ty>::value_type &,const std::valarray<_Ty> &)”: 无法从“void”推导出“const std::valarray<_Ty> &”的 模板 参数
C:\Program Files (x86)\Microsoft Visual Studio\2022\BuildTools\VC\Tools\MSVC\14.44.35207\include\valarray(1052): note: 或    “std::_Boolarray std::operator ==(const std::valarray<_Ty> &,const std::valarray<_Ty> &)”
F:\codex_project\37_LLMsim\heterollm-sim-4.0.0\artifacts\development\native_long_grid_135_20260915\optimization_loop\round_028\gpu_operator_timing\collector.cpp(52): note: “std::_Boolarray std::operator ==(const std::valarray<_Ty> &,const std::valarray<_Ty> &)”: 无法从“const J”推导出“const std::valarray<_Ty> &”的 模板 参数
C:\Program Files (x86)\Microsoft Visual Studio\2022\BuildTools\VC\Tools\MSVC\14.44.35207\include\optional(647): note: 或    “bool std::operator ==(const std::optional<_Ty> &,const std::optional<_Ty2> &) noexcept(<expr>)”
F:\codex_project\37_LLMsim\heterollm-sim-4.0.0\artifacts\development\native_long_grid_135_20260915\optimization_loop\round_028\gpu_operator_timing\collector.cpp(52): note: “bool std::operator ==(const std::optional<_Ty> &,const std::optional<_Ty2> &) noexcept(<expr>)”: 无法从“const J”推导出“const std::optional<_Ty> &”的 模板 参数
C:\Program Files (x86)\Microsoft Visual Studio\2022\BuildTools\VC\Tools\MSVC\14.44.35207\include\optional(763): note: 或    “bool std::operator ==(const std::optional<_Ty> &,std::nullopt_t) noexcept”
F:\codex_project\37_LLMsim\heterollm-sim-4.0.0\artifacts\development\native_long_grid_135_20260915\optimization_loop\round_028\gpu_operator_timing\collector.cpp(52): note: “bool std::operator ==(const std::optional<_Ty> &,std::nullopt_t) noexcept”: 无法从“const J”推导出“const std::optional<_Ty> &”的 模板 参数
C:\Program Files (x86)\Microsoft Visual Studio\2022\BuildTools\VC\Tools\MSVC\14.44.35207\include\optional(774): note: 或    “bool std::operator ==(std::nullopt_t,const std::optional<_Ty> &) noexcept”
F:\codex_project\37_LLMsim\heterollm-sim-4.0.0\artifacts\development\native_long_grid_135_20260915\optimization_loop\round_028\gpu_operator_timing\collector.cpp(52): note: “bool std::operator ==(std::nullopt_t,const std::optional<_Ty> &) noexcept”: 无法从“void”推导出“const std::optional<_Ty> &”的 模板 参数
C:\Program Files (x86)\Microsoft Visual Studio\2022\BuildTools\VC\Tools\MSVC\14.44.35207\include\optional(852): note: 或    “bool std::operator ==(const std::optional<_Ty> &,const _Ty2 &) noexcept(<expr>)”
F:\codex_project\37_LLMsim\heterollm-sim-4.0.0\artifacts\development\native_long_grid_135_20260915\optimization_loop\round_028\gpu_operator_timing\collector.cpp(52): note: “bool std::operator ==(const std::optional<_Ty> &,const _Ty2 &) noexcept(<expr>)”: 无法从“const J”推导出“const std::optional<_Ty> &”的 模板 参数
C:\Program Files (x86)\Microsoft Visual Studio\2022\BuildTools\VC\Tools\MSVC\14.44.35207\include\optional(861): note: 或    “bool std::operator ==(const _Ty1 &,const std::optional<_Ty2> &) noexcept(<expr>)”
F:\codex_project\37_LLMsim\heterollm-sim-4.0.0\artifacts\development\native_long_grid_135_20260915\optimization_loop\round_028\gpu_operator_timing\collector.cpp(52): note: “bool std::operator ==(const _Ty1 &,const std::optional<_Ty2> &) noexcept(<expr>)”: 无法从“void”推导出“const std::optional<_Ty2> &”的 模板 参数
F:\codex_project\37_LLMsim\heterollm-sim-4.0.0\source\llama.cpp-semantic\vendor\nlohmann\json.hpp(15435): note: 或    “bool nlohmann::json_abi_v3_12_0::operator ==(const nlohmann::json_abi_v3_12_0::json_pointer<RefStringType> &,const nlohmann::json_abi_v3_12_0::json_pointer<RefStringTypeRhs> &) noexcept”
F:\codex_project\37_LLMsim\heterollm-sim-4.0.0\artifacts\development\native_long_grid_135_20260915\optimization_loop\round_028\gpu_operator_timing\collector.cpp(52): note: “bool nlohmann::json_abi_v3_12_0::operator ==(const nlohmann::json_abi_v3_12_0::json_pointer<RefStringType> &,const nlohmann::json_abi_v3_12_0::json_pointer<RefStringTypeRhs> &) noexcept”: 无法从“const J”推导出“const nlohmann::json_abi_v3_12_0::json_pointer<RefStringType> &”的 模板 参数
F:\codex_project\37_LLMsim\heterollm-sim-4.0.0\source\llama.cpp-semantic\vendor\nlohmann\json.hpp(15444): note: 或    “bool nlohmann::json_abi_v3_12_0::operator ==(const nlohmann::json_abi_v3_12_0::json_pointer<RefStringType> &,const StringType &)”
F:\codex_project\37_LLMsim\heterollm-sim-4.0.0\artifacts\development\native_long_grid_135_20260915\optimization_loop\round_028\gpu_operator_timing\collector.cpp(52): note: “bool nlohmann::json_abi_v3_12_0::operator ==(const nlohmann::json_abi_v3_12_0::json_pointer<RefStringType> &,const StringType &)”: 无法从“const J”推导出“const nlohmann::json_abi_v3_12_0::json_pointer<RefStringType> &”的 模板 参数
F:\codex_project\37_LLMsim\heterollm-sim-4.0.0\source\llama.cpp-semantic\vendor\nlohmann\json.hpp(15453): note: 或    “bool nlohmann::json_abi_v3_12_0::operator ==(const StringType &,const nlohmann::json_abi_v3_12_0::json_pointer<RefStringType> &)”
F:\codex_project\37_LLMsim\heterollm-sim-4.0.0\artifacts\development\native_long_grid_135_20260915\optimization_loop\round_028\gpu_operator_timing\collector.cpp(52): note: “bool nlohmann::json_abi_v3_12_0::operator ==(const StringType &,const nlohmann::json_abi_v3_12_0::json_pointer<RefStringType> &)”: 无法从“void”推导出“const nlohmann::json_abi_v3_12_0::json_pointer<RefStringType> &”的 模板 参数
F:\codex_project\37_LLMsim\heterollm-sim-4.0.0\source\llama.cpp-semantic\vendor\nlohmann\json.hpp(23844): note: 或    “bool nlohmann::json_abi_v3_12_0::operator ==(const nlohmann::json_abi_v3_12_0::basic_json<std::map,std::vector,std::string,bool,int64_t,uint64_t,double,std::allocator,nlohmann::json_abi_v3_12_0::adl_serializer,std::vector<uint8_t,std::allocator<uint8_t>>,void> &,ScalarType) noexcept”
F:\codex_project\37_LLMsim\heterollm-sim-4.0.0\artifacts\development\native_long_grid_135_20260915\optimization_loop\round_028\gpu_operator_timing\collector.cpp(52): note: “bool nlohmann::json_abi_v3_12_0::operator ==(const nlohmann::json_abi_v3_12_0::basic_json<std::map,std::vector,std::string,bool,int64_t,uint64_t,double,std::allocator,nlohmann::json_abi_v3_12_0::adl_serializer,std::vector<uint8_t,std::allocator<uint8_t>>,void> &,ScalarType) noexcept”: 无法推导“__formal”的 模板 参数
F:\codex_project\37_LLMsim\heterollm-sim-4.0.0\source\llama.cpp-semantic\vendor\nlohmann\json.hpp(23843): note: “type”: 不是“std::enable_if<false,int>”的任何直接或间接基类的成员
F:\codex_project\37_LLMsim\heterollm-sim-4.0.0\source\llama.cpp-semantic\vendor\nlohmann\json.hpp(23853): note: 或    “bool nlohmann::json_abi_v3_12_0::operator ==(ScalarType,const nlohmann::json_abi_v3_12_0::basic_json<std::map,std::vector,std::string,bool,int64_t,uint64_t,double,std::allocator,nlohmann::json_abi_v3_12_0::adl_serializer,std::vector<uint8_t,std::allocator<uint8_t>>,void> &) noexcept”
F:\codex_project\37_LLMsim\heterollm-sim-4.0.0\artifacts\development\native_long_grid_135_20260915\optimization_loop\round_028\gpu_operator_timing\collector.cpp(52): note: “bool nlohmann::json_abi_v3_12_0::operator ==(ScalarType,const nlohmann::json_abi_v3_12_0::basic_json<std::map,std::vector,std::string,bool,int64_t,uint64_t,double,std::allocator,nlohmann::json_abi_v3_12_0::adl_serializer,std::vector<uint8_t,std::allocator<uint8_t>>,void> &) noexcept”: 无法推导“__formal”的 模板 参数
F:\codex_project\37_LLMsim\heterollm-sim-4.0.0\source\llama.cpp-semantic\vendor\nlohmann\json.hpp(23852): note: “type”: 不是“std::enable_if<false,int>”的任何直接或间接基类的成员
F:\codex_project\37_LLMsim\heterollm-sim-4.0.0\source\llama.cpp-semantic\vendor\nlohmann\json.hpp(23844): note: 或    “bool nlohmann::json_abi_v3_12_0::operator ==(const nlohmann::json_abi_v3_12_0::basic_json<nlohmann::json_abi_v3_12_0::ordered_map,std::vector,std::string,bool,int64_t,uint64_t,double,std::allocator,nlohmann::json_abi_v3_12_0::adl_serializer,std::vector<uint8_t,std::allocator<uint8_t>>,void> &,ScalarType) noexcept”
F:\codex_project\37_LLMsim\heterollm-sim-4.0.0\artifacts\development\native_long_grid_135_20260915\optimization_loop\round_028\gpu_operator_timing\collector.cpp(52): note: “bool nlohmann::json_abi_v3_12_0::operator ==(const nlohmann::json_abi_v3_12_0::basic_json<nlohmann::json_abi_v3_12_0::ordered_map,std::vector,std::string,bool,int64_t,uint64_t,double,std::allocator,nlohmann::json_abi_v3_12_0::adl_serializer,std::vector<uint8_t,std::allocator<uint8_t>>,void> &,ScalarType) noexcept”: 无法推导“__formal”的 模板 参数
F:\codex_project\37_LLMsim\heterollm-sim-4.0.0\source\llama.cpp-semantic\vendor\nlohmann\json.hpp(23843): note: “type”: 不是“std::enable_if<false,int>”的任何直接或间接基类的成员
F:\codex_project\37_LLMsim\heterollm-sim-4.0.0\source\llama.cpp-semantic\vendor\nlohmann\json.hpp(23853): note: 或    “bool nlohmann::json_abi_v3_12_0::operator ==(ScalarType,const nlohmann::json_abi_v3_12_0::basic_json<nlohmann::json_abi_v3_12_0::ordered_map,std::vector,std::string,bool,int64_t,uint64_t,double,std::allocator,nlohmann::json_abi_v3_12_0::adl_serializer,std::vector<uint8_t,std::allocator<uint8_t>>,void> &) noexcept”
F:\codex_project\37_LLMsim\heterollm-sim-4.0.0\artifacts\development\native_long_grid_135_20260915\optimization_loop\round_028\gpu_operator_timing\collector.cpp(52): note: “bool nlohmann::json_abi_v3_12_0::operator ==(ScalarType,const nlohmann::json_abi_v3_12_0::basic_json<nlohmann::json_abi_v3_12_0::ordered_map,std::vector,std::string,bool,int64_t,uint64_t,double,std::allocator,nlohmann::json_abi_v3_12_0::adl_serializer,std::vector<uint8_t,std::allocator<uint8_t>>,void> &) noexcept”: 无法推导“__formal”的 模板 参数
F:\codex_project\37_LLMsim\heterollm-sim-4.0.0\source\llama.cpp-semantic\vendor\nlohmann\json.hpp(23852): note: “type”: 不是“std::enable_if<false,int>”的任何直接或间接基类的成员
F:\codex_project\37_LLMsim\heterollm-sim-4.0.0\artifacts\development\native_long_grid_135_20260915\optimization_loop\round_028\gpu_operator_timing\collector.cpp(52): note: 尝试匹配参数列表“(const J, void)”时
F:\codex_project\37_LLMsim\heterollm-sim-4.0.0\artifacts\development\native_long_grid_135_20260915\optimization_loop\round_028\gpu_operator_timing\collector.cpp(64): error C2280: “void std::ref<ValueType>(const _Ty &&)”: 尝试引用已删除的函数
        with
        [
            ValueType=std::basic_string<char,std::char_traits<char>,std::allocator<char>>,
            _Ty=std::basic_string<char,std::char_traits<char>,std::allocator<char>>
        ]
C:\Program Files (x86)\Microsoft Visual Studio\2022\BuildTools\VC\Tools\MSVC\14.44.35207\include\type_traits(2023): note: 参见“std::ref”的声明
F:\codex_project\37_LLMsim\heterollm-sim-4.0.0\artifacts\development\native_long_grid_135_20260915\optimization_loop\round_028\gpu_operator_timing\collector.cpp(64): error C2665: “nlohmann::json_abi_v3_12_0::basic_json<nlohmann::json_abi_v3_12_0::ordered_map,std::vector,std::string,bool,int64_t,uint64_t,double,std::allocator,nlohmann::json_abi_v3_12_0::adl_serializer,std::vector<uint8_t,std::allocator<uint8_t>>,void>::push_back”: 没有重载函数可以转换所有参数类型
F:\codex_project\37_LLMsim\heterollm-sim-4.0.0\source\llama.cpp-semantic\vendor\nlohmann\json.hpp(23129): note: 可能是“void nlohmann::json_abi_v3_12_0::basic_json<nlohmann::json_abi_v3_12_0::ordered_map,std::vector,std::string,bool,int64_t,uint64_t,double,std::allocator,nlohmann::json_abi_v3_12_0::adl_serializer,std::vector<uint8_t,std::allocator<uint8_t>>,void>::push_back(nlohmann::json_abi_v3_12_0::basic_json<nlohmann::json_abi_v3_12_0::ordered_map,std::vector,std::string,bool,int64_t,uint64_t,double,std::allocator,nlohmann::json_abi_v3_12_0::adl_serializer,std::vector<uint8_t,std::allocator<uint8_t>>,void> &&)”
F:\codex_project\37_LLMsim\heterollm-sim-4.0.0\artifacts\development\native_long_grid_135_20260915\optimization_loop\round_028\gpu_operator_timing\collector.cpp(64): note: “void nlohmann::json_abi_v3_12_0::basic_json<nlohmann::json_abi_v3_12_0::ordered_map,std::vector,std::string,bool,int64_t,uint64_t,double,std::allocator,nlohmann::json_abi_v3_12_0::adl_serializer,std::vector<uint8_t,std::allocator<uint8_t>>,void>::push_back(nlohmann::json_abi_v3_12_0::basic_json<nlohmann::json_abi_v3_12_0::ordered_map,std::vector,std::string,bool,int64_t,uint64_t,double,std::allocator,nlohmann::json_abi_v3_12_0::adl_serializer,std::vector<uint8_t,std::allocator<uint8_t>>,void> &&)”: 无法将参数 1 从“void”转换为“nlohmann::json_abi_v3_12_0::basic_json<nlohmann::json_abi_v3_12_0::ordered_map,std::vector,std::string,bool,int64_t,uint64_t,double,std::allocator,nlohmann::json_abi_v3_12_0::adl_serializer,std::vector<uint8_t,std::allocator<uint8_t>>,void> &&”
F:\codex_project\37_LLMsim\heterollm-sim-4.0.0\artifacts\development\native_long_grid_135_20260915\optimization_loop\round_028\gpu_operator_timing\collector.cpp(64): note: void 类型的表达式不能转换为其他类型
F:\codex_project\37_LLMsim\heterollm-sim-4.0.0\source\llama.cpp-semantic\vendor\nlohmann\json.hpp(23162): note: 或    “void nlohmann::json_abi_v3_12_0::basic_json<nlohmann::json_abi_v3_12_0::ordered_map,std::vector,std::string,bool,int64_t,uint64_t,double,std::allocator,nlohmann::json_abi_v3_12_0::adl_serializer,std::vector<uint8_t,std::allocator<uint8_t>>,void>::push_back(const nlohmann::json_abi_v3_12_0::basic_json<nlohmann::json_abi_v3_12_0::ordered_map,std::vector,std::string,bool,int64_t,uint64_t,double,std::allocator,nlohmann::json_abi_v3_12_0::adl_serializer,std::vector<uint8_t,std::allocator<uint8_t>>,void> &)”
F:\codex_project\37_LLMsim\heterollm-sim-4.0.0\artifacts\development\native_long_grid_135_20260915\optimization_loop\round_028\gpu_operator_timing\collector.cpp(64): note: “void nlohmann::json_abi_v3_12_0::basic_json<nlohmann::json_abi_v3_12_0::ordered_map,std::vector,std::string,bool,int64_t,uint64_t,double,std::allocator,nlohmann::json_abi_v3_12_0::adl_serializer,std::vector<uint8_t,std::allocator<uint8_t>>,void>::push_back(const nlohmann::json_abi_v3_12_0::basic_json<nlohmann::json_abi_v3_12_0::ordered_map,std::vector,std::string,bool,int64_t,uint64_t,double,std::allocator,nlohmann::json_abi_v3_12_0::adl_serializer,std::vector<uint8_t,std::allocator<uint8_t>>,void> &)”: 无法将参数 1 从“void”转换为“const nlohmann::json_abi_v3_12_0::basic_json<nlohmann::json_abi_v3_12_0::ordered_map,std::vector,std::string,bool,int64_t,uint64_t,double,std::allocator,nlohmann::json_abi_v3_12_0::adl_serializer,std::vector<uint8_t,std::allocator<uint8_t>>,void> &”
F:\codex_project\37_LLMsim\heterollm-sim-4.0.0\artifacts\development\native_long_grid_135_20260915\optimization_loop\round_028\gpu_operator_timing\collector.cpp(64): note: void 类型的表达式不能转换为其他类型
F:\codex_project\37_LLMsim\heterollm-sim-4.0.0\source\llama.cpp-semantic\vendor\nlohmann\json.hpp(23194): note: 或    “void nlohmann::json_abi_v3_12_0::basic_json<nlohmann::json_abi_v3_12_0::ordered_map,std::vector,std::string,bool,int64_t,uint64_t,double,std::allocator,nlohmann::json_abi_v3_12_0::adl_serializer,std::vector<uint8_t,std::allocator<uint8_t>>,void>::push_back(const std::pair<const StringType,nlohmann::json_abi_v3_12_0::basic_json<nlohmann::json_abi_v3_12_0::ordered_map,std::vector,StringType,bool,int64_t,uint64_t,double,std::allocator,nlohmann::json_abi_v3_12_0::adl_serializer,std::vector<uint8_t,std::allocator<uint8_t>>,void>> &)”
        with
        [
            StringType=std::string
        ]
F:\codex_project\37_LLMsim\heterollm-sim-4.0.0\artifacts\development\native_long_grid_135_20260915\optimization_loop\round_028\gpu_operator_timing\collector.cpp(64): note: “void nlohmann::json_abi_v3_12_0::basic_json<nlohmann::json_abi_v3_12_0::ordered_map,std::vector,std::string,bool,int64_t,uint64_t,double,std::allocator,nlohmann::json_abi_v3_12_0::adl_serializer,std::vector<uint8_t,std::allocator<uint8_t>>,void>::push_back(const std::pair<const StringType,nlohmann::json_abi_v3_12_0::basic_json<nlohmann::json_abi_v3_12_0::ordered_map,std::vector,StringType,bool,int64_t,uint64_t,double,std::allocator,nlohmann::json_abi_v3_12_0::adl_serializer,std::vector<uint8_t,std::allocator<uint8_t>>,void>> &)”: 无法将参数 1 从“void”转换为“const std::pair<const StringType,nlohmann::json_abi_v3_12_0::basic_json<nlohmann::json_abi_v3_12_0::ordered_map,std::vector,StringType,bool,int64_t,uint64_t,double,std::allocator,nlohmann::json_abi_v3_12_0::adl_serializer,std::vector<uint8_t,std::allocator<uint8_t>>,void>> &”
        with
        [
            StringType=std::string
        ]
F:\codex_project\37_LLMsim\heterollm-sim-4.0.0\artifacts\development\native_long_grid_135_20260915\optimization_loop\round_028\gpu_operator_timing\collector.cpp(64): note: void 类型的表达式不能转换为其他类型
F:\codex_project\37_LLMsim\heterollm-sim-4.0.0\source\llama.cpp-semantic\vendor\nlohmann\json.hpp(23225): note: 或    “void nlohmann::json_abi_v3_12_0::basic_json<nlohmann::json_abi_v3_12_0::ordered_map,std::vector,std::string,bool,int64_t,uint64_t,double,std::allocator,nlohmann::json_abi_v3_12_0::adl_serializer,std::vector<uint8_t,std::allocator<uint8_t>>,void>::push_back(std::initializer_list<nlohmann::json_abi_v3_12_0::detail::json_ref<nlohmann::json_abi_v3_12_0::basic_json<nlohmann::json_abi_v3_12_0::ordered_map,std::vector,std::string,bool,int64_t,uint64_t,double,std::allocator,nlohmann::json_abi_v3_12_0::adl_serializer,std::vector<uint8_t,std::allocator<uint8_t>>,void>>>)”
F:\codex_project\37_LLMsim\heterollm-sim-4.0.0\artifacts\development\native_long_grid_135_20260915\optimization_loop\round_028\gpu_operator_timing\collector.cpp(64): note: “void nlohmann::json_abi_v3_12_0::basic_json<nlohmann::json_abi_v3_12_0::ordered_map,std::vector,std::string,bool,int64_t,uint64_t,double,std::allocator,nlohmann::json_abi_v3_12_0::adl_serializer,std::vector<uint8_t,std::allocator<uint8_t>>,void>::push_back(std::initializer_list<nlohmann::json_abi_v3_12_0::detail::json_ref<nlohmann::json_abi_v3_12_0::basic_json<nlohmann::json_abi_v3_12_0::ordered_map,std::vector,std::string,bool,int64_t,uint64_t,double,std::allocator,nlohmann::json_abi_v3_12_0::adl_serializer,std::vector<uint8_t,std::allocator<uint8_t>>,void>>>)”: 无法将参数 1 从“void”转换为“std::initializer_list<nlohmann::json_abi_v3_12_0::detail::json_ref<nlohmann::json_abi_v3_12_0::basic_json<nlohmann::json_abi_v3_12_0::ordered_map,std::vector,std::string,bool,int64_t,uint64_t,double,std::allocator,nlohmann::json_abi_v3_12_0::adl_serializer,std::vector<uint8_t,std::allocator<uint8_t>>,void>>>”
F:\codex_project\37_LLMsim\heterollm-sim-4.0.0\artifacts\development\native_long_grid_135_20260915\optimization_loop\round_028\gpu_operator_timing\collector.cpp(64): note: void 类型的表达式不能转换为其他类型
F:\codex_project\37_LLMsim\heterollm-sim-4.0.0\artifacts\development\native_long_grid_135_20260915\optimization_loop\round_028\gpu_operator_timing\collector.cpp(64): note: 尝试匹配参数列表“(void)”时
F:\codex_project\37_LLMsim\heterollm-sim-4.0.0\artifacts\development\native_long_grid_135_20260915\optimization_loop\round_028\gpu_operator_timing\collector.cpp(65): error C2280: “void std::ref<ValueType>(const _Ty &&)”: 尝试引用已删除的函数
        with
        [
            ValueType=std::basic_string<char,std::char_traits<char>,std::allocator<char>>,
            _Ty=std::basic_string<char,std::char_traits<char>,std::allocator<char>>
        ]
C:\Program Files (x86)\Microsoft Visual Studio\2022\BuildTools\VC\Tools\MSVC\14.44.35207\include\type_traits(2023): note: 参见“std::ref”的声明
F:\codex_project\37_LLMsim\heterollm-sim-4.0.0\artifacts\development\native_long_grid_135_20260915\optimization_loop\round_028\gpu_operator_timing\collector.cpp(65): error C2665: “nlohmann::json_abi_v3_12_0::basic_json<nlohmann::json_abi_v3_12_0::ordered_map,std::vector,std::string,bool,int64_t,uint64_t,double,std::allocator,nlohmann::json_abi_v3_12_0::adl_serializer,std::vector<uint8_t,std::allocator<uint8_t>>,void>::push_back”: 没有重载函数可以转换所有参数类型
F:\codex_project\37_LLMsim\heterollm-sim-4.0.0\source\llama.cpp-semantic\vendor\nlohmann\json.hpp(23129): note: 可能是“void nlohmann::json_abi_v3_12_0::basic_json<nlohmann::json_abi_v3_12_0::ordered_map,std::vector,std::string,bool,int64_t,uint64_t,double,std::allocator,nlohmann::json_abi_v3_12_0::adl_serializer,std::vector<uint8_t,std::allocator<uint8_t>>,void>::push_back(nlohmann::json_abi_v3_12_0::basic_json<nlohmann::json_abi_v3_12_0::ordered_map,std::vector,std::string,bool,int64_t,uint64_t,double,std::allocator,nlohmann::json_abi_v3_12_0::adl_serializer,std::vector<uint8_t,std::allocator<uint8_t>>,void> &&)”
F:\codex_project\37_LLMsim\heterollm-sim-4.0.0\artifacts\development\native_long_grid_135_20260915\optimization_loop\round_028\gpu_operator_timing\collector.cpp(65): note: “void nlohmann::json_abi_v3_12_0::basic_json<nlohmann::json_abi_v3_12_0::ordered_map,std::vector,std::string,bool,int64_t,uint64_t,double,std::allocator,nlohmann::json_abi_v3_12_0::adl_serializer,std::vector<uint8_t,std::allocator<uint8_t>>,void>::push_back(nlohmann::json_abi_v3_12_0::basic_json<nlohmann::json_abi_v3_12_0::ordered_map,std::vector,std::string,bool,int64_t,uint64_t,double,std::allocator,nlohmann::json_abi_v3_12_0::adl_serializer,std::vector<uint8_t,std::allocator<uint8_t>>,void> &&)”: 无法将参数 1 从“void”转换为“nlohmann::json_abi_v3_12_0::basic_json<nlohmann::json_abi_v3_12_0::ordered_map,std::vector,std::string,bool,int64_t,uint64_t,double,std::allocator,nlohmann::json_abi_v3_12_0::adl_serializer,std::vector<uint8_t,std::allocator<uint8_t>>,void> &&”
F:\codex_project\37_LLMsim\heterollm-sim-4.0.0\artifacts\development\native_long_grid_135_20260915\optimization_loop\round_028\gpu_operator_timing\collector.cpp(65): note: void 类型的表达式不能转换为其他类型
F:\codex_project\37_LLMsim\heterollm-sim-4.0.0\source\llama.cpp-semantic\vendor\nlohmann\json.hpp(23162): note: 或    “void nlohmann::json_abi_v3_12_0::basic_json<nlohmann::json_abi_v3_12_0::ordered_map,std::vector,std::string,bool,int64_t,uint64_t,double,std::allocator,nlohmann::json_abi_v3_12_0::adl_serializer,std::vector<uint8_t,std::allocator<uint8_t>>,void>::push_back(const nlohmann::json_abi_v3_12_0::basic_json<nlohmann::json_abi_v3_12_0::ordered_map,std::vector,std::string,bool,int64_t,uint64_t,double,std::allocator,nlohmann::json_abi_v3_12_0::adl_serializer,std::vector<uint8_t,std::allocator<uint8_t>>,void> &)”
F:\codex_project\37_LLMsim\heterollm-sim-4.0.0\artifacts\development\native_long_grid_135_20260915\optimization_loop\round_028\gpu_operator_timing\collector.cpp(65): note: “void nlohmann::json_abi_v3_12_0::basic_json<nlohmann::json_abi_v3_12_0::ordered_map,std::vector,std::string,bool,int64_t,uint64_t,double,std::allocator,nlohmann::json_abi_v3_12_0::adl_serializer,std::vector<uint8_t,std::allocator<uint8_t>>,void>::push_back(const nlohmann::json_abi_v3_12_0::basic_json<nlohmann::json_abi_v3_12_0::ordered_map,std::vector,std::string,bool,int64_t,uint64_t,double,std::allocator,nlohmann::json_abi_v3_12_0::adl_serializer,std::vector<uint8_t,std::allocator<uint8_t>>,void> &)”: 无法将参数 1 从“void”转换为“const nlohmann::json_abi_v3_12_0::basic_json<nlohmann::json_abi_v3_12_0::ordered_map,std::vector,std::string,bool,int64_t,uint64_t,double,std::allocator,nlohmann::json_abi_v3_12_0::adl_serializer,std::vector<uint8_t,std::allocator<uint8_t>>,void> &”
F:\codex_project\37_LLMsim\heterollm-sim-4.0.0\artifacts\development\native_long_grid_135_20260915\optimization_loop\round_028\gpu_operator_timing\collector.cpp(65): note: void 类型的表达式不能转换为其他类型
F:\codex_project\37_LLMsim\heterollm-sim-4.0.0\source\llama.cpp-semantic\vendor\nlohmann\json.hpp(23194): note: 或    “void nlohmann::json_abi_v3_12_0::basic_json<nlohmann::json_abi_v3_12_0::ordered_map,std::vector,std::string,bool,int64_t,uint64_t,double,std::allocator,nlohmann::json_abi_v3_12_0::adl_serializer,std::vector<uint8_t,std::allocator<uint8_t>>,void>::push_back(const std::pair<const StringType,nlohmann::json_abi_v3_12_0::basic_json<nlohmann::json_abi_v3_12_0::ordered_map,std::vector,StringType,bool,int64_t,uint64_t,double,std::allocator,nlohmann::json_abi_v3_12_0::adl_serializer,std::vector<uint8_t,std::allocator<uint8_t>>,void>> &)”
        with
        [
            StringType=std::string
        ]
F:\codex_project\37_LLMsim\heterollm-sim-4.0.0\artifacts\development\native_long_grid_135_20260915\optimization_loop\round_028\gpu_operator_timing\collector.cpp(65): note: “void nlohmann::json_abi_v3_12_0::basic_json<nlohmann::json_abi_v3_12_0::ordered_map,std::vector,std::string,bool,int64_t,uint64_t,double,std::allocator,nlohmann::json_abi_v3_12_0::adl_serializer,std::vector<uint8_t,std::allocator<uint8_t>>,void>::push_back(const std::pair<const StringType,nlohmann::json_abi_v3_12_0::basic_json<nlohmann::json_abi_v3_12_0::ordered_map,std::vector,StringType,bool,int64_t,uint64_t,double,std::allocator,nlohmann::json_abi_v3_12_0::adl_serializer,std::vector<uint8_t,std::allocator<uint8_t>>,void>> &)”: 无法将参数 1 从“void”转换为“const std::pair<const StringType,nlohmann::json_abi_v3_12_0::basic_json<nlohmann::json_abi_v3_12_0::ordered_map,std::vector,StringType,bool,int64_t,uint64_t,double,std::allocator,nlohmann::json_abi_v3_12_0::adl_serializer,std::vector<uint8_t,std::allocator<uint8_t>>,void>> &”
        with
        [
            StringType=std::string
        ]
F:\codex_project\37_LLMsim\heterollm-sim-4.0.0\artifacts\development\native_long_grid_135_20260915\optimization_loop\round_028\gpu_operator_timing\collector.cpp(65): note: void 类型的表达式不能转换为其他类型
F:\codex_project\37_LLMsim\heterollm-sim-4.0.0\source\llama.cpp-semantic\vendor\nlohmann\json.hpp(23225): note: 或    “void nlohmann::json_abi_v3_12_0::basic_json<nlohmann::json_abi_v3_12_0::ordered_map,std::vector,std::string,bool,int64_t,uint64_t,double,std::allocator,nlohmann::json_abi_v3_12_0::adl_serializer,std::vector<uint8_t,std::allocator<uint8_t>>,void>::push_back(std::initializer_list<nlohmann::json_abi_v3_12_0::detail::json_ref<nlohmann::json_abi_v3_12_0::basic_json<nlohmann::json_abi_v3_12_0::ordered_map,std::vector,std::string,bool,int64_t,uint64_t,double,std::allocator,nlohmann::json_abi_v3_12_0::adl_serializer,std::vector<uint8_t,std::allocator<uint8_t>>,void>>>)”
F:\codex_project\37_LLMsim\heterollm-sim-4.0.0\artifacts\development\native_long_grid_135_20260915\optimization_loop\round_028\gpu_operator_timing\collector.cpp(65): note: “void nlohmann::json_abi_v3_12_0::basic_json<nlohmann::json_abi_v3_12_0::ordered_map,std::vector,std::string,bool,int64_t,uint64_t,double,std::allocator,nlohmann::json_abi_v3_12_0::adl_serializer,std::vector<uint8_t,std::allocator<uint8_t>>,void>::push_back(std::initializer_list<nlohmann::json_abi_v3_12_0::detail::json_ref<nlohmann::json_abi_v3_12_0::basic_json<nlohmann::json_abi_v3_12_0::ordered_map,std::vector,std::string,bool,int64_t,uint64_t,double,std::allocator,nlohmann::json_abi_v3_12_0::adl_serializer,std::vector<uint8_t,std::allocator<uint8_t>>,void>>>)”: 无法将参数 1 从“void”转换为“std::initializer_list<nlohmann::json_abi_v3_12_0::detail::json_ref<nlohmann::json_abi_v3_12_0::basic_json<nlohmann::json_abi_v3_12_0::ordered_map,std::vector,std::string,bool,int64_t,uint64_t,double,std::allocator,nlohmann::json_abi_v3_12_0::adl_serializer,std::vector<uint8_t,std::allocator<uint8_t>>,void>>>”
F:\codex_project\37_LLMsim\heterollm-sim-4.0.0\artifacts\development\native_long_grid_135_20260915\optimization_loop\round_028\gpu_operator_timing\collector.cpp(65): note: void 类型的表达式不能转换为其他类型
F:\codex_project\37_LLMsim\heterollm-sim-4.0.0\artifacts\development\native_long_grid_135_20260915\optimization_loop\round_028\gpu_operator_timing\collector.cpp(65): note: 尝试匹配参数列表“(void)”时
F:\codex_project\37_LLMsim\heterollm-sim-4.0.0\artifacts\development\native_long_grid_135_20260915\optimization_loop\round_028\gpu_operator_timing\collector.cpp(133): error C2280: “void std::ref<ValueType>(const _Ty &&)”: 尝试引用已删除的函数
        with
        [
            ValueType=std::basic_string<char,std::char_traits<char>,std::allocator<char>>,
            _Ty=std::basic_string<char,std::char_traits<char>,std::allocator<char>>
        ]
C:\Program Files (x86)\Microsoft Visual Studio\2022\BuildTools\VC\Tools\MSVC\14.44.35207\include\type_traits(2023): note: 参见“std::ref”的声明
F:\codex_project\37_LLMsim\heterollm-sim-4.0.0\artifacts\development\native_long_grid_135_20260915\optimization_loop\round_028\gpu_operator_timing\collector.cpp(133): error C2679: 二元“==”: 没有找到接受“void”类型的右操作数的运算符(或没有可接受的转换)
C:\Program Files (x86)\Windows Kits\10\\include\10.0.19041.0\\shared\guiddef.h(192): note: 可能是“bool operator ==(const GUID &,const GUID &)”
F:\codex_project\37_LLMsim\heterollm-sim-4.0.0\artifacts\development\native_long_grid_135_20260915\optimization_loop\round_028\gpu_operator_timing\collector.cpp(133): note: “bool operator ==(const GUID &,const GUID &)”: 无法将参数 1 从“nlohmann::json_abi_v3_12_0::basic_json<nlohmann::json_abi_v3_12_0::ordered_map,std::vector,std::string,bool,int64_t,uint64_t,double,std::allocator,nlohmann::json_abi_v3_12_0::adl_serializer,std::vector<uint8_t,std::allocator<uint8_t>>,void>”转换为“const GUID &”
F:\codex_project\37_LLMsim\heterollm-sim-4.0.0\artifacts\development\native_long_grid_135_20260915\optimization_loop\round_028\gpu_operator_timing\collector.cpp(133): note: 原因如下: 无法从“nlohmann::json_abi_v3_12_0::basic_json<nlohmann::json_abi_v3_12_0::ordered_map,std::vector,std::string,bool,int64_t,uint64_t,double,std::allocator,nlohmann::json_abi_v3_12_0::adl_serializer,std::vector<uint8_t,std::allocator<uint8_t>>,void>”转换为“const GUID”
F:\codex_project\37_LLMsim\heterollm-sim-4.0.0\artifacts\development\native_long_grid_135_20260915\optimization_loop\round_028\gpu_operator_timing\collector.cpp(133): note: 没有可用于执行该转换的用户定义的转换运算符，或者无法调用该运算符
C:\Program Files (x86)\Microsoft Visual Studio\2022\BuildTools\VC\Tools\MSVC\14.44.35207\include\exception(278): note: 或    “bool std::operator ==(const std::exception_ptr &,const std::exception_ptr &) noexcept”[使用参数相关的查找找到]
F:\codex_project\37_LLMsim\heterollm-sim-4.0.0\artifacts\development\native_long_grid_135_20260915\optimization_loop\round_028\gpu_operator_timing\collector.cpp(133): note: “bool std::operator ==(const std::exception_ptr &,const std::exception_ptr &) noexcept”: 无法将参数 1 从“nlohmann::json_abi_v3_12_0::basic_json<nlohmann::json_abi_v3_12_0::ordered_map,std::vector,std::string,bool,int64_t,uint64_t,double,std::allocator,nlohmann::json_abi_v3_12_0::adl_serializer,std::vector<uint8_t,std::allocator<uint8_t>>,void>”转换为“const std::exception_ptr &”
F:\codex_project\37_LLMsim\heterollm-sim-4.0.0\artifacts\development\native_long_grid_135_20260915\optimization_loop\round_028\gpu_operator_timing\collector.cpp(133): note: 原因如下: 无法从“nlohmann::json_abi_v3_12_0::basic_json<nlohmann::json_abi_v3_12_0::ordered_map,std::vector,std::string,bool,int64_t,uint64_t,double,std::allocator,nlohmann::json_abi_v3_12_0::adl_serializer,std::vector<uint8_t,std::allocator<uint8_t>>,void>”转换为“const std::exception_ptr”
F:\codex_project\37_LLMsim\heterollm-sim-4.0.0\artifacts\development\native_long_grid_135_20260915\optimization_loop\round_028\gpu_operator_timing\collector.cpp(133): note: 没有可用于执行该转换的用户定义的转换运算符，或者无法调用该运算符
C:\Program Files (x86)\Microsoft Visual Studio\2022\BuildTools\VC\Tools\MSVC\14.44.35207\include\exception(282): note: 或    “bool std::operator ==(const std::exception_ptr &,std::nullptr_t) noexcept”[使用参数相关的查找找到]
F:\codex_project\37_LLMsim\heterollm-sim-4.0.0\artifacts\development\native_long_grid_135_20260915\optimization_loop\round_028\gpu_operator_timing\collector.cpp(133): note: “bool std::operator ==(const std::exception_ptr &,std::nullptr_t) noexcept”: 无法将参数 1 从“nlohmann::json_abi_v3_12_0::basic_json<nlohmann::json_abi_v3_12_0::ordered_map,std::vector,std::string,bool,int64_t,uint64_t,double,std::allocator,nlohmann::json_abi_v3_12_0::adl_serializer,std::vector<uint8_t,std::allocator<uint8_t>>,void>”转换为“const std::exception_ptr &”
F:\codex_project\37_LLMsim\heterollm-sim-4.0.0\artifacts\development\native_long_grid_135_20260915\optimization_loop\round_028\gpu_operator_timing\collector.cpp(133): note: 原因如下: 无法从“nlohmann::json_abi_v3_12_0::basic_json<nlohmann::json_abi_v3_12_0::ordered_map,std::vector,std::string,bool,int64_t,uint64_t,double,std::allocator,nlohmann::json_abi_v3_12_0::adl_serializer,std::vector<uint8_t,std::allocator<uint8_t>>,void>”转换为“const std::exception_ptr”
F:\codex_project\37_LLMsim\heterollm-sim-4.0.0\artifacts\development\native_long_grid_135_20260915\optimization_loop\round_028\gpu_operator_timing\collector.cpp(133): note: 没有可用于执行该转换的用户定义的转换运算符，或者无法调用该运算符
C:\Program Files (x86)\Microsoft Visual Studio\2022\BuildTools\VC\Tools\MSVC\14.44.35207\include\exception(287): note: 或    “bool std::operator ==(std::nullptr_t,const std::exception_ptr &) noexcept”[使用参数相关的查找找到]
F:\codex_project\37_LLMsim\heterollm-sim-4.0.0\artifacts\development\native_long_grid_135_20260915\optimization_loop\round_028\gpu_operator_timing\collector.cpp(133): note: “bool std::operator ==(std::nullptr_t,const std::exception_ptr &) noexcept”: 无法将参数 1 从“nlohmann::json_abi_v3_12_0::basic_json<nlohmann::json_abi_v3_12_0::ordered_map,std::vector,std::string,bool,int64_t,uint64_t,double,std::allocator,nlohmann::json_abi_v3_12_0::adl_serializer,std::vector<uint8_t,std::allocator<uint8_t>>,void>”转换为“std::nullptr_t”
F:\codex_project\37_LLMsim\heterollm-sim-4.0.0\artifacts\development\native_long_grid_135_20260915\optimization_loop\round_028\gpu_operator_timing\collector.cpp(133): note: 没有可用于执行该转换的用户定义的转换运算符，或者无法调用该运算符
C:\Program Files (x86)\Microsoft Visual Studio\2022\BuildTools\VC\Tools\MSVC\14.44.35207\include\system_error(215): note: 或    “bool std::operator ==(const std::error_code &,const std::error_code &) noexcept”[使用参数相关的查找找到]
F:\codex_project\37_LLMsim\heterollm-sim-4.0.0\artifacts\development\native_long_grid_135_20260915\optimization_loop\round_028\gpu_operator_timing\collector.cpp(133): note: “bool std::operator ==(const std::error_code &,const std::error_code &) noexcept”: 无法将参数 1 从“nlohmann::json_abi_v3_12_0::basic_json<nlohmann::json_abi_v3_12_0::ordered_map,std::vector,std::string,bool,int64_t,uint64_t,double,std::allocator,nlohmann::json_abi_v3_12_0::adl_serializer,std::vector<uint8_t,std::allocator<uint8_t>>,void>”转换为“const std::error_code &”
F:\codex_project\37_LLMsim\heterollm-sim-4.0.0\artifacts\development\native_long_grid_135_20260915\optimization_loop\round_028\gpu_operator_timing\collector.cpp(133): note: 原因如下: 无法从“nlohmann::json_abi_v3_12_0::basic_json<nlohmann::json_abi_v3_12_0::ordered_map,std::vector,std::string,bool,int64_t,uint64_t,double,std::allocator,nlohmann::json_abi_v3_12_0::adl_serializer,std::vector<uint8_t,std::allocator<uint8_t>>,void>”转换为“const std::error_code”
F:\codex_project\37_LLMsim\heterollm-sim-4.0.0\artifacts\development\native_long_grid_135_20260915\optimization_loop\round_028\gpu_operator_timing\collector.cpp(133): note: 没有可用于执行该转换的用户定义的转换运算符，或者无法调用该运算符
C:\Program Files (x86)\Microsoft Visual Studio\2022\BuildTools\VC\Tools\MSVC\14.44.35207\include\system_error(219): note: 或    “bool std::operator ==(const std::error_code &,const std::error_condition &) noexcept”[使用参数相关的查找找到]
F:\codex_project\37_LLMsim\heterollm-sim-4.0.0\artifacts\development\native_long_grid_135_20260915\optimization_loop\round_028\gpu_operator_timing\collector.cpp(133): note: “bool std::operator ==(const std::error_code &,const std::error_condition &) noexcept”: 无法将参数 1 从“nlohmann::json_abi_v3_12_0::basic_json<nlohmann::json_abi_v3_12_0::ordered_map,std::vector,std::string,bool,int64_t,uint64_t,double,std::allocator,nlohmann::json_abi_v3_12_0::adl_serializer,std::vector<uint8_t,std::allocator<uint8_t>>,void>”转换为“const std::error_code &”
F:\codex_project\37_LLMsim\heterollm-sim-4.0.0\artifacts\development\native_long_grid_135_20260915\optimization_loop\round_028\gpu_operator_timing\collector.cpp(133): note: 原因如下: 无法从“nlohmann::json_abi_v3_12_0::basic_json<nlohmann::json_abi_v3_12_0::ordered_map,std::vector,std::string,bool,int64_t,uint64_t,double,std::allocator,nlohmann::json_abi_v3_12_0::adl_serializer,std::vector<uint8_t,std::allocator<uint8_t>>,void>”转换为“const std::error_code”
F:\codex_project\37_LLMsim\heterollm-sim-4.0.0\artifacts\development\native_long_grid_135_20260915\optimization_loop\round_028\gpu_operator_timing\collector.cpp(133): note: 没有可用于执行该转换的用户定义的转换运算符，或者无法调用该运算符
C:\Program Files (x86)\Microsoft Visual Studio\2022\BuildTools\VC\Tools\MSVC\14.44.35207\include\system_error(235): note: 或    “bool std::operator ==(const std::error_condition &,const std::error_code &) noexcept”[使用参数相关的查找找到]
F:\codex_project\37_LLMsim\heterollm-sim-4.0.0\artifacts\development\native_long_grid_135_20260915\optimization_loop\round_028\gpu_operator_timing\collector.cpp(133): note: “bool std::operator ==(const std::error_condition &,const std::error_code &) noexcept”: 无法将参数 1 从“nlohmann::json_abi_v3_12_0::basic_json<nlohmann::json_abi_v3_12_0::ordered_map,std::vector,std::string,bool,int64_t,uint64_t,double,std::allocator,nlohmann::json_abi_v3_12_0::adl_serializer,std::vector<uint8_t,std::allocator<uint8_t>>,void>”转换为“const std::error_condition &”
F:\codex_project\37_LLMsim\heterollm-sim-4.0.0\artifacts\development\native_long_grid_135_20260915\optimization_loop\round_028\gpu_operator_timing\collector.cpp(133): note: 原因如下: 无法从“nlohmann::json_abi_v3_12_0::basic_json<nlohmann::json_abi_v3_12_0::ordered_map,std::vector,std::string,bool,int64_t,uint64_t,double,std::allocator,nlohmann::json_abi_v3_12_0::adl_serializer,std::vector<uint8_t,std::allocator<uint8_t>>,void>”转换为“const std::error_condition”
F:\codex_project\37_LLMsim\heterollm-sim-4.0.0\artifacts\development\native_long_grid_135_20260915\optimization_loop\round_028\gpu_operator_timing\collector.cpp(133): note: 没有可用于执行该转换的用户定义的转换运算符，或者无法调用该运算符
C:\Program Files (x86)\Microsoft Visual Studio\2022\BuildTools\VC\Tools\MSVC\14.44.35207\include\system_error(304): note: 或    “bool std::operator ==(const std::error_condition &,const std::error_condition &) noexcept”[使用参数相关的查找找到]
F:\codex_project\37_LLMsim\heterollm-sim-4.0.0\artifacts\development\native_long_grid_135_20260915\optimization_loop\round_028\gpu_operator_timing\collector.cpp(133): note: “bool std::operator ==(const std::error_condition &,const std::error_condition &) noexcept”: 无法将参数 1 从“nlohmann::json_abi_v3_12_0::basic_json<nlohmann::json_abi_v3_12_0::ordered_map,std::vector,std::string,bool,int64_t,uint64_t,double,std::allocator,nlohmann::json_abi_v3_12_0::adl_serializer,std::vector<uint8_t,std::allocator<uint8_t>>,void>”转换为“const std::error_condition &”
F:\codex_project\37_LLMsim\heterollm-sim-4.0.0\artifacts\development\native_long_grid_135_20260915\optimization_loop\round_028\gpu_operator_timing\collector.cpp(133): note: 原因如下: 无法从“nlohmann::json_abi_v3_12_0::basic_json<nlohmann::json_abi_v3_12_0::ordered_map,std::vector,std::string,bool,int64_t,uint64_t,double,std::allocator,nlohmann::json_abi_v3_12_0::adl_serializer,std::vector<uint8_t,std::allocator<uint8_t>>,void>”转换为“const std::error_condition”
F:\codex_project\37_LLMsim\heterollm-sim-4.0.0\artifacts\development\native_long_grid_135_20260915\optimization_loop\round_028\gpu_operator_timing\collector.cpp(133): note: 没有可用于执行该转换的用户定义的转换运算符，或者无法调用该运算符
F:\codex_project\37_LLMsim\heterollm-sim-4.0.0\source\llama.cpp-semantic\vendor\nlohmann\json.hpp(13463): note: 或    “bool nlohmann::json_abi_v3_12_0::detail::operator ==(nlohmann::json_abi_v3_12_0::detail::primitive_iterator_t,nlohmann::json_abi_v3_12_0::detail::primitive_iterator_t) noexcept”[使用参数相关的查找找到]
F:\codex_project\37_LLMsim\heterollm-sim-4.0.0\artifacts\development\native_long_grid_135_20260915\optimization_loop\round_028\gpu_operator_timing\collector.cpp(133): note: “bool nlohmann::json_abi_v3_12_0::detail::operator ==(nlohmann::json_abi_v3_12_0::detail::primitive_iterator_t,nlohmann::json_abi_v3_12_0::detail::primitive_iterator_t) noexcept”: 无法将参数 1 从“nlohmann::json_abi_v3_12_0::basic_json<nlohmann::json_abi_v3_12_0::ordered_map,std::vector,std::string,bool,int64_t,uint64_t,double,std::allocator,nlohmann::json_abi_v3_12_0::adl_serializer,std::vector<uint8_t,std::allocator<uint8_t>>,void>”转换为“nlohmann::json_abi_v3_12_0::detail::primitive_iterator_t”
F:\codex_project\37_LLMsim\heterollm-sim-4.0.0\artifacts\development\native_long_grid_135_20260915\optimization_loop\round_028\gpu_operator_timing\collector.cpp(133): note: 没有可用于执行该转换的用户定义的转换运算符，或者无法调用该运算符
F:\codex_project\37_LLMsim\heterollm-sim-4.0.0\source\llama.cpp-semantic\vendor\nlohmann\json.hpp(23828): note: 或    “bool nlohmann::json_abi_v3_12_0::basic_json<std::map,std::vector,std::string,bool,int64_t,uint64_t,double,std::allocator,nlohmann::json_abi_v3_12_0::adl_serializer,std::vector<uint8_t,std::allocator<uint8_t>>,void>::operator ==(const nlohmann::json_abi_v3_12_0::basic_json<std::map,std::vector,std::string,bool,int64_t,uint64_t,double,std::allocator,nlohmann::json_abi_v3_12_0::adl_serializer,std::vector<uint8_t,std::allocator<uint8_t>>,void> &,const nlohmann::json_abi_v3_12_0::basic_json<std::map,std::vector,std::string,bool,int64_t,uint64_t,double,std::allocator,nlohmann::json_abi_v3_12_0::adl_serializer,std::vector<uint8_t,std::allocator<uint8_t>>,void> &) noexcept”[使用参数相关的查找找到]
F:\codex_project\37_LLMsim\heterollm-sim-4.0.0\artifacts\development\native_long_grid_135_20260915\optimization_loop\round_028\gpu_operator_timing\collector.cpp(133): note: “bool nlohmann::json_abi_v3_12_0::basic_json<std::map,std::vector,std::string,bool,int64_t,uint64_t,double,std::allocator,nlohmann::json_abi_v3_12_0::adl_serializer,std::vector<uint8_t,std::allocator<uint8_t>>,void>::operator ==(const nlohmann::json_abi_v3_12_0::basic_json<std::map,std::vector,std::string,bool,int64_t,uint64_t,double,std::allocator,nlohmann::json_abi_v3_12_0::adl_serializer,std::vector<uint8_t,std::allocator<uint8_t>>,void> &,const nlohmann::json_abi_v3_12_0::basic_json<std::map,std::vector,std::string,bool,int64_t,uint64_t,double,std::allocator,nlohmann::json_abi_v3_12_0::adl_serializer,std::vector<uint8_t,std::allocator<uint8_t>>,void> &) noexcept”: 无法将参数 2 从“void”转换为“const nlohmann::json_abi_v3_12_0::basic_json<std::map,std::vector,std::string,bool,int64_t,uint64_t,double,std::allocator,nlohmann::json_abi_v3_12_0::adl_serializer,std::vector<uint8_t,std::allocator<uint8_t>>,void> &”
F:\codex_project\37_LLMsim\heterollm-sim-4.0.0\artifacts\development\native_long_grid_135_20260915\optimization_loop\round_028\gpu_operator_timing\collector.cpp(133): note: void 类型的表达式不能转换为其他类型
C:\Program Files (x86)\Microsoft Visual Studio\2022\BuildTools\VC\Tools\MSVC\14.44.35207\include\thread(267): note: 或    “bool std::operator ==(std::thread::id,std::thread::id) noexcept”[使用参数相关的查找找到]
F:\codex_project\37_LLMsim\heterollm-sim-4.0.0\artifacts\development\native_long_grid_135_20260915\optimization_loop\round_028\gpu_operator_timing\collector.cpp(133): note: “bool std::operator ==(std::thread::id,std::thread::id) noexcept”: 无法将参数 1 从“nlohmann::json_abi_v3_12_0::basic_json<nlohmann::json_abi_v3_12_0::ordered_map,std::vector,std::string,bool,int64_t,uint64_t,double,std::allocator,nlohmann::json_abi_v3_12_0::adl_serializer,std::vector<uint8_t,std::allocator<uint8_t>>,void>”转换为“std::thread::id”
F:\codex_project\37_LLMsim\heterollm-sim-4.0.0\artifacts\development\native_long_grid_135_20260915\optimization_loop\round_028\gpu_operator_timing\collector.cpp(133): note: 没有可用于执行该转换的用户定义的转换运算符，或者无法调用该运算符
F:\codex_project\37_LLMsim\heterollm-sim-4.0.0\source\llama.cpp-semantic\vendor\nlohmann\json.hpp(23828): note: 或    “bool nlohmann::json_abi_v3_12_0::basic_json<nlohmann::json_abi_v3_12_0::ordered_map,std::vector,std::string,bool,int64_t,uint64_t,double,std::allocator,nlohmann::json_abi_v3_12_0::adl_serializer,std::vector<uint8_t,std::allocator<uint8_t>>,void>::operator ==(const nlohmann::json_abi_v3_12_0::basic_json<nlohmann::json_abi_v3_12_0::ordered_map,std::vector,std::string,bool,int64_t,uint64_t,double,std::allocator,nlohmann::json_abi_v3_12_0::adl_serializer,std::vector<uint8_t,std::allocator<uint8_t>>,void> &,const nlohmann::json_abi_v3_12_0::basic_json<nlohmann::json_abi_v3_12_0::ordered_map,std::vector,std::string,bool,int64_t,uint64_t,double,std::allocator,nlohmann::json_abi_v3_12_0::adl_serializer,std::vector<uint8_t,std::allocator<uint8_t>>,void> &) noexcept”[使用参数相关的查找找到]
F:\codex_project\37_LLMsim\heterollm-sim-4.0.0\artifacts\development\native_long_grid_135_20260915\optimization_loop\round_028\gpu_operator_timing\collector.cpp(133): note: “bool nlohmann::json_abi_v3_12_0::basic_json<nlohmann::json_abi_v3_12_0::ordered_map,std::vector,std::string,bool,int64_t,uint64_t,double,std::allocator,nlohmann::json_abi_v3_12_0::adl_serializer,std::vector<uint8_t,std::allocator<uint8_t>>,void>::operator ==(const nlohmann::json_abi_v3_12_0::basic_json<nlohmann::json_abi_v3_12_0::ordered_map,std::vector,std::string,bool,int64_t,uint64_t,double,std::allocator,nlohmann::json_abi_v3_12_0::adl_serializer,std::vector<uint8_t,std::allocator<uint8_t>>,void> &,const nlohmann::json_abi_v3_12_0::basic_json<nlohmann::json_abi_v3_12_0::ordered_map,std::vector,std::string,bool,int64_t,uint64_t,double,std::allocator,nlohmann::json_abi_v3_12_0::adl_serializer,std::vector<uint8_t,std::allocator<uint8_t>>,void> &) noexcept”: 无法将参数 2 从“void”转换为“const nlohmann::json_abi_v3_12_0::basic_json<nlohmann::json_abi_v3_12_0::ordered_map,std::vector,std::string,bool,int64_t,uint64_t,double,std::allocator,nlohmann::json_abi_v3_12_0::adl_serializer,std::vector<uint8_t,std::allocator<uint8_t>>,void> &”
F:\codex_project\37_LLMsim\heterollm-sim-4.0.0\artifacts\development\native_long_grid_135_20260915\optimization_loop\round_028\gpu_operator_timing\collector.cpp(133): note: void 类型的表达式不能转换为其他类型
C:\Program Files (x86)\Microsoft Visual Studio\2022\BuildTools\VC\Tools\MSVC\14.44.35207\include\utility(503): note: 或    “bool std::operator ==(const std::pair<_Ty1,_Ty2> &,const std::pair<_Uty1,_Uty2> &)”
F:\codex_project\37_LLMsim\heterollm-sim-4.0.0\artifacts\development\native_long_grid_135_20260915\optimization_loop\round_028\gpu_operator_timing\collector.cpp(133): note: “bool std::operator ==(const std::pair<_Ty1,_Ty2> &,const std::pair<_Uty1,_Uty2> &)”: 无法从“nlohmann::json_abi_v3_12_0::basic_json<nlohmann::json_abi_v3_12_0::ordered_map,std::vector,std::string,bool,int64_t,uint64_t,double,std::allocator,nlohmann::json_abi_v3_12_0::adl_serializer,std::vector<uint8_t,std::allocator<uint8_t>>,void>”推导出“const std::pair<_Ty1,_Ty2> &”的 模板 参数
C:\Program Files (x86)\Microsoft Visual Studio\2022\BuildTools\VC\Tools\MSVC\14.44.35207\include\xutility(1896): note: 或    “bool std::operator ==(const std::reverse_iterator<_BidIt> &,const std::reverse_iterator<_BidIt2> &) noexcept(<expr>)”
F:\codex_project\37_LLMsim\heterollm-sim-4.0.0\artifacts\development\native_long_grid_135_20260915\optimization_loop\round_028\gpu_operator_timing\collector.cpp(133): note: “bool std::operator ==(const std::reverse_iterator<_BidIt> &,const std::reverse_iterator<_BidIt2> &) noexcept(<expr>)”: 无法从“nlohmann::json_abi_v3_12_0::basic_json<nlohmann::json_abi_v3_12_0::ordered_map,std::vector,std::string,bool,int64_t,uint64_t,double,std::allocator,nlohmann::json_abi_v3_12_0::adl_serializer,std::vector<uint8_t,std::allocator<uint8_t>>,void>”推导出“const std::reverse_iterator<_BidIt> &”的 模板 参数
C:\Program Files (x86)\Microsoft Visual Studio\2022\BuildTools\VC\Tools\MSVC\14.44.35207\include\xutility(4458): note: 或    “bool std::operator ==(const std::move_iterator<_Iter> &,const std::move_iterator<_Iter2> &) noexcept(<expr>)”
F:\codex_project\37_LLMsim\heterollm-sim-4.0.0\artifacts\development\native_long_grid_135_20260915\optimization_loop\round_028\gpu_operator_timing\collector.cpp(133): note: “bool std::operator ==(const std::move_iterator<_Iter> &,const std::move_iterator<_Iter2> &) noexcept(<expr>)”: 无法从“nlohmann::json_abi_v3_12_0::basic_json<nlohmann::json_abi_v3_12_0::ordered_map,std::vector,std::string,bool,int64_t,uint64_t,double,std::allocator,nlohmann::json_abi_v3_12_0::adl_serializer,std::vector<uint8_t,std::allocator<uint8_t>>,void>”推导出“const std::move_iterator<_Iter> &”的 模板 参数
C:\Program Files (x86)\Microsoft Visual Studio\2022\BuildTools\VC\Tools\MSVC\14.44.35207\include\xmemory(1050): note: 或    “bool std::operator ==(const std::allocator<_Ty> &,const std::allocator<_Other> &) noexcept”
F:\codex_project\37_LLMsim\heterollm-sim-4.0.0\artifacts\development\native_long_grid_135_20260915\optimization_loop\round_028\gpu_operator_timing\collector.cpp(133): note: “bool std::operator ==(const std::allocator<_Ty> &,const std::allocator<_Other> &) noexcept”: 无法从“nlohmann::json_abi_v3_12_0::basic_json<nlohmann::json_abi_v3_12_0::ordered_map,std::vector,std::string,bool,int64_t,uint64_t,double,std::allocator,nlohmann::json_abi_v3_12_0::adl_serializer,std::vector<uint8_t,std::allocator<uint8_t>>,void>”推导出“const std::allocator<_Ty> &”的 模板 参数
C:\Program Files (x86)\Microsoft Visual Studio\2022\BuildTools\VC\Tools\MSVC\14.44.35207\include\array(777): note: 或    “bool std::operator ==(const std::array<_Ty,_Size> &,const std::array<_Ty,_Size> &)”
F:\codex_project\37_LLMsim\heterollm-sim-4.0.0\artifacts\development\native_long_grid_135_20260915\optimization_loop\round_028\gpu_operator_timing\collector.cpp(133): note: “bool std::operator ==(const std::array<_Ty,_Size> &,const std::array<_Ty,_Size> &)”: 无法从“nlohmann::json_abi_v3_12_0::basic_json<nlohmann::json_abi_v3_12_0::ordered_map,std::vector,std::string,bool,int64_t,uint64_t,double,std::allocator,nlohmann::json_abi_v3_12_0::adl_serializer,std::vector<uint8_t,std::allocator<uint8_t>>,void>”推导出“const std::array<_Ty,_Size> &”的 模板 参数
C:\Program Files (x86)\Microsoft Visual Studio\2022\BuildTools\VC\Tools\MSVC\14.44.35207\include\__msvc_string_view.hpp(1852): note: 或    “bool std::operator ==(const std::basic_string_view<_Elem,_Traits>,const std::basic_string_view<_Elem,_Traits>) noexcept”
F:\codex_project\37_LLMsim\heterollm-sim-4.0.0\artifacts\development\native_long_grid_135_20260915\optimization_loop\round_028\gpu_operator_timing\collector.cpp(133): note: “bool std::operator ==(const std::basic_string_view<_Elem,_Traits>,const std::basic_string_view<_Elem,_Traits>) noexcept”: 无法从“nlohmann::json_abi_v3_12_0::basic_json<nlohmann::json_abi_v3_12_0::ordered_map,std::vector,std::string,bool,int64_t,uint64_t,double,std::allocator,nlohmann::json_abi_v3_12_0::adl_serializer,std::vector<uint8_t,std::allocator<uint8_t>>,void>”推导出“const std::basic_string_view<_Elem,_Traits>”的 模板 参数
C:\Program Files (x86)\Microsoft Visual Studio\2022\BuildTools\VC\Tools\MSVC\14.44.35207\include\__msvc_string_view.hpp(1858): note: 或    “bool std::operator ==(const _Identity<std::basic_string_view<_Elem,_Traits>>::type,const std::basic_string_view<_Elem,_Traits>) noexcept”
F:\codex_project\37_LLMsim\heterollm-sim-4.0.0\artifacts\development\native_long_grid_135_20260915\optimization_loop\round_028\gpu_operator_timing\collector.cpp(133): note: “bool std::operator ==(const _Identity<std::basic_string_view<_Elem,_Traits>>::type,const std::basic_string_view<_Elem,_Traits>) noexcept”: 无法从“void”推导出“const std::basic_string_view<_Elem,_Traits>”的 模板 参数
C:\Program Files (x86)\Microsoft Visual Studio\2022\BuildTools\VC\Tools\MSVC\14.44.35207\include\__msvc_string_view.hpp(1864): note: 或    “bool std::operator ==(const std::basic_string_view<_Elem,_Traits>,const _Identity<std::basic_string_view<_Elem,_Traits>>::type) noexcept”
F:\codex_project\37_LLMsim\heterollm-sim-4.0.0\artifacts\development\native_long_grid_135_20260915\optimization_loop\round_028\gpu_operator_timing\collector.cpp(133): note: “bool std::operator ==(const std::basic_string_view<_Elem,_Traits>,const _Identity<std::basic_string_view<_Elem,_Traits>>::type) noexcept”: 无法从“nlohmann::json_abi_v3_12_0::basic_json<nlohmann::json_abi_v3_12_0::ordered_map,std::vector,std::string,bool,int64_t,uint64_t,double,std::allocator,nlohmann::json_abi_v3_12_0::adl_serializer,std::vector<uint8_t,std::allocator<uint8_t>>,void>”推导出“const std::basic_string_view<_Elem,_Traits>”的 模板 参数
C:\Program Files (x86)\Microsoft Visual Studio\2022\BuildTools\VC\Tools\MSVC\14.44.35207\include\tuple(844): note: 或    “bool std::operator ==(const std::tuple<_Types...> &,const std::tuple<_Types...> &)”
F:\codex_project\37_LLMsim\heterollm-sim-4.0.0\artifacts\development\native_long_grid_135_20260915\optimization_loop\round_028\gpu_operator_timing\collector.cpp(133): note: “bool std::operator ==(const std::tuple<_Types...> &,const std::tuple<_Types...> &)”: 无法从“nlohmann::json_abi_v3_12_0::basic_json<nlohmann::json_abi_v3_12_0::ordered_map,std::vector,std::string,bool,int64_t,uint64_t,double,std::allocator,nlohmann::json_abi_v3_12_0::adl_serializer,std::vector<uint8_t,std::allocator<uint8_t>>,void>”推导出“const std::tuple<_Types...> &”的 模板 参数
C:\Program Files (x86)\Microsoft Visual Studio\2022\BuildTools\VC\Tools\MSVC\14.44.35207\include\xstring(3257): note: 或    “bool std::operator ==(const std::basic_string<_Elem,_Traits,_Alloc> &,const std::basic_string<_Elem,_Traits,_Alloc> &) noexcept”
F:\codex_project\37_LLMsim\heterollm-sim-4.0.0\artifacts\development\native_long_grid_135_20260915\optimization_loop\round_028\gpu_operator_timing\collector.cpp(133): note: “bool std::operator ==(const std::basic_string<_Elem,_Traits,_Alloc> &,const std::basic_string<_Elem,_Traits,_Alloc> &) noexcept”: 无法从“nlohmann::json_abi_v3_12_0::basic_json<nlohmann::json_abi_v3_12_0::ordered_map,std::vector,std::string,bool,int64_t,uint64_t,double,std::allocator,nlohmann::json_abi_v3_12_0::adl_serializer,std::vector<uint8_t,std::allocator<uint8_t>>,void>”推导出“const std::basic_string<_Elem,_Traits,_Alloc> &”的 模板 参数
C:\Program Files (x86)\Microsoft Visual Studio\2022\BuildTools\VC\Tools\MSVC\14.44.35207\include\xstring(3263): note: 或    “bool std::operator ==(const std::basic_string<_Elem,_Traits,_Alloc> &,const _Elem *const ) noexcept”
F:\codex_project\37_LLMsim\heterollm-sim-4.0.0\artifacts\development\native_long_grid_135_20260915\optimization_loop\round_028\gpu_operator_timing\collector.cpp(133): note: “bool std::operator ==(const std::basic_string<_Elem,_Traits,_Alloc> &,const _Elem *const ) noexcept”: 无法从“nlohmann::json_abi_v3_12_0::basic_json<nlohmann::json_abi_v3_12_0::ordered_map,std::vector,std::string,bool,int64_t,uint64_t,double,std::allocator,nlohmann::json_abi_v3_12_0::adl_serializer,std::vector<uint8_t,std::allocator<uint8_t>>,void>”推导出“const std::basic_string<_Elem,_Traits,_Alloc> &”的 模板 参数
C:\Program Files (x86)\Microsoft Visual Studio\2022\BuildTools\VC\Tools\MSVC\14.44.35207\include\xstring(3282): note: 或    “bool std::operator ==(const _Elem *const ,const std::basic_string<_Elem,_Traits,_Alloc> &) noexcept”
F:\codex_project\37_LLMsim\heterollm-sim-4.0.0\artifacts\development\native_long_grid_135_20260915\optimization_loop\round_028\gpu_operator_timing\collector.cpp(133): note: “bool std::operator ==(const _Elem *const ,const std::basic_string<_Elem,_Traits,_Alloc> &) noexcept”: 无法从“nlohmann::json_abi_v3_12_0::basic_json<nlohmann::json_abi_v3_12_0::ordered_map,std::vector,std::string,bool,int64_t,uint64_t,double,std::allocator,nlohmann::json_abi_v3_12_0::adl_serializer,std::vector<uint8_t,std::allocator<uint8_t>>,void>”推导出“const _Elem *const ”的 模板 参数
C:\Program Files (x86)\Microsoft Visual Studio\2022\BuildTools\VC\Tools\MSVC\14.44.35207\include\vector(2266): note: 或    “bool std::operator ==(const std::vector<_Ty,_Alloc> &,const std::vector<_Ty,_Alloc> &)”
F:\codex_project\37_LLMsim\heterollm-sim-4.0.0\artifacts\development\native_long_grid_135_20260915\optimization_loop\round_028\gpu_operator_timing\collector.cpp(133): note: “bool std::operator ==(const std::vector<_Ty,_Alloc> &,const std::vector<_Ty,_Alloc> &)”: 无法从“nlohmann::json_abi_v3_12_0::basic_json<nlohmann::json_abi_v3_12_0::ordered_map,std::vector,std::string,bool,int64_t,uint64_t,double,std::allocator,nlohmann::json_abi_v3_12_0::adl_serializer,std::vector<uint8_t,std::allocator<uint8_t>>,void>”推导出“const std::vector<_Ty,_Alloc> &”的 模板 参数
C:\Program Files (x86)\Microsoft Visual Studio\2022\BuildTools\VC\Tools\MSVC\14.44.35207\include\list(1890): note: 或    “bool std::operator ==(const std::list<_Ty,_Alloc> &,const std::list<_Ty,_Alloc> &)”
F:\codex_project\37_LLMsim\heterollm-sim-4.0.0\artifacts\development\native_long_grid_135_20260915\optimization_loop\round_028\gpu_operator_timing\collector.cpp(133): note: “bool std::operator ==(const std::list<_Ty,_Alloc> &,const std::list<_Ty,_Alloc> &)”: 无法从“nlohmann::json_abi_v3_12_0::basic_json<nlohmann::json_abi_v3_12_0::ordered_map,std::vector,std::string,bool,int64_t,uint64_t,double,std::allocator,nlohmann::json_abi_v3_12_0::adl_serializer,std::vector<uint8_t,std::allocator<uint8_t>>,void>”推导出“const std::list<_Ty,_Alloc> &”的 模板 参数
C:\Program Files (x86)\Microsoft Visual Studio\2022\BuildTools\VC\Tools\MSVC\14.44.35207\include\unordered_map(536): note: 或    “bool std::operator ==(const std::unordered_map<_Kty,_Ty,_Hasher,_Keyeq,_Alloc> &,const std::unordered_map<_Kty,_Ty,_Hasher,_Keyeq,_Alloc> &)”
F:\codex_project\37_LLMsim\heterollm-sim-4.0.0\artifacts\development\native_long_grid_135_20260915\optimization_loop\round_028\gpu_operator_timing\collector.cpp(133): note: “bool std::operator ==(const std::unordered_map<_Kty,_Ty,_Hasher,_Keyeq,_Alloc> &,const std::unordered_map<_Kty,_Ty,_Hasher,_Keyeq,_Alloc> &)”: 无法从“nlohmann::json_abi_v3_12_0::basic_json<nlohmann::json_abi_v3_12_0::ordered_map,std::vector,std::string,bool,int64_t,uint64_t,double,std::allocator,nlohmann::json_abi_v3_12_0::adl_serializer,std::vector<uint8_t,std::allocator<uint8_t>>,void>”推导出“const std::unordered_map<_Kty,_Ty,_Hasher,_Keyeq,_Alloc> &”的 模板 参数
C:\Program Files (x86)\Microsoft Visual Studio\2022\BuildTools\VC\Tools\MSVC\14.44.35207\include\unordered_map(908): note: 或    “bool std::operator ==(const std::unordered_multimap<_Kty,_Ty,_Hasher,_Keyeq,_Alloc> &,const std::unordered_multimap<_Kty,_Ty,_Hasher,_Keyeq,_Alloc> &)”
F:\codex_project\37_LLMsim\heterollm-sim-4.0.0\artifacts\development\native_long_grid_135_20260915\optimization_loop\round_028\gpu_operator_timing\collector.cpp(133): note: “bool std::operator ==(const std::unordered_multimap<_Kty,_Ty,_Hasher,_Keyeq,_Alloc> &,const std::unordered_multimap<_Kty,_Ty,_Hasher,_Keyeq,_Alloc> &)”: 无法从“nlohmann::json_abi_v3_12_0::basic_json<nlohmann::json_abi_v3_12_0::ordered_map,std::vector,std::string,bool,int64_t,uint64_t,double,std::allocator,nlohmann::json_abi_v3_12_0::adl_serializer,std::vector<uint8_t,std::allocator<uint8_t>>,void>”推导出“const std::unordered_multimap<_Kty,_Ty,_Hasher,_Keyeq,_Alloc> &”的 模板 参数
C:\Program Files (x86)\Microsoft Visual Studio\2022\BuildTools\VC\Tools\MSVC\14.44.35207\include\functional(1284): note: 或    “bool std::operator ==(const std::function<_Fty> &,std::nullptr_t) noexcept”
F:\codex_project\37_LLMsim\heterollm-sim-4.0.0\artifacts\development\native_long_grid_135_20260915\optimization_loop\round_028\gpu_operator_timing\collector.cpp(133): note: “bool std::operator ==(const std::function<_Fty> &,std::nullptr_t) noexcept”: 无法从“nlohmann::json_abi_v3_12_0::basic_json<nlohmann::json_abi_v3_12_0::ordered_map,std::vector,std::string,bool,int64_t,uint64_t,double,std::allocator,nlohmann::json_abi_v3_12_0::adl_serializer,std::vector<uint8_t,std::allocator<uint8_t>>,void>”推导出“const std::function<_Fty> &”的 模板 参数
C:\Program Files (x86)\Microsoft Visual Studio\2022\BuildTools\VC\Tools\MSVC\14.44.35207\include\functional(1290): note: 或    “bool std::operator ==(std::nullptr_t,const std::function<_Fty> &) noexcept”
F:\codex_project\37_LLMsim\heterollm-sim-4.0.0\artifacts\development\native_long_grid_135_20260915\optimization_loop\round_028\gpu_operator_timing\collector.cpp(133): note: “bool std::operator ==(std::nullptr_t,const std::function<_Fty> &) noexcept”: 无法从“void”推导出“const std::function<_Fty> &”的 模板 参数
C:\Program Files (x86)\Microsoft Visual Studio\2022\BuildTools\VC\Tools\MSVC\14.44.35207\include\iterator(304): note: 或    “bool std::operator ==(const std::istream_iterator<_Ty,_Elem,_Traits,_Diff> &,const std::istream_iterator<_Ty,_Elem,_Traits,_Diff> &) noexcept”
F:\codex_project\37_LLMsim\heterollm-sim-4.0.0\artifacts\development\native_long_grid_135_20260915\optimization_loop\round_028\gpu_operator_timing\collector.cpp(133): note: “bool std::operator ==(const std::istream_iterator<_Ty,_Elem,_Traits,_Diff> &,const std::istream_iterator<_Ty,_Elem,_Traits,_Diff> &) noexcept”: 无法从“nlohmann::json_abi_v3_12_0::basic_json<nlohmann::json_abi_v3_12_0::ordered_map,std::vector,std::string,bool,int64_t,uint64_t,double,std::allocator,nlohmann::json_abi_v3_12_0::adl_serializer,std::vector<uint8_t,std::allocator<uint8_t>>,void>”推导出“const std::istream_iterator<_Ty,_Elem,_Traits,_Diff> &”的 模板 参数
C:\Program Files (x86)\Microsoft Visual Studio\2022\BuildTools\VC\Tools\MSVC\14.44.35207\include\iterator(486): note: 或    “bool std::operator ==(const std::istreambuf_iterator<_Elem,_Traits> &,const std::istreambuf_iterator<_Elem,_Traits> &)”
F:\codex_project\37_LLMsim\heterollm-sim-4.0.0\artifacts\development\native_long_grid_135_20260915\optimization_loop\round_028\gpu_operator_timing\collector.cpp(133): note: “bool std::operator ==(const std::istreambuf_iterator<_Elem,_Traits> &,const std::istreambuf_iterator<_Elem,_Traits> &)”: 无法从“nlohmann::json_abi_v3_12_0::basic_json<nlohmann::json_abi_v3_12_0::ordered_map,std::vector,std::string,bool,int64_t,uint64_t,double,std::allocator,nlohmann::json_abi_v3_12_0::adl_serializer,std::vector<uint8_t,std::allocator<uint8_t>>,void>”推导出“const std::istreambuf_iterator<_Elem,_Traits> &”的 模板 参数
C:\Program Files (x86)\Microsoft Visual Studio\2022\BuildTools\VC\Tools\MSVC\14.44.35207\include\memory(1880): note: 或    “bool std::operator ==(const std::shared_ptr<_Ty> &,const std::shared_ptr<_Ty0> &) noexcept”
F:\codex_project\37_LLMsim\heterollm-sim-4.0.0\artifacts\development\native_long_grid_135_20260915\optimization_loop\round_028\gpu_operator_timing\collector.cpp(133): note: “bool std::operator ==(const std::shared_ptr<_Ty> &,const std::shared_ptr<_Ty0> &) noexcept”: 无法从“nlohmann::json_abi_v3_12_0::basic_json<nlohmann::json_abi_v3_12_0::ordered_map,std::vector,std::string,bool,int64_t,uint64_t,double,std::allocator,nlohmann::json_abi_v3_12_0::adl_serializer,std::vector<uint8_t,std::allocator<uint8_t>>,void>”推导出“const std::shared_ptr<_Ty> &”的 模板 参数
C:\Program Files (x86)\Microsoft Visual Studio\2022\BuildTools\VC\Tools\MSVC\14.44.35207\include\memory(1917): note: 或    “bool std::operator ==(const std::shared_ptr<_Ty> &,std::nullptr_t) noexcept”
F:\codex_project\37_LLMsim\heterollm-sim-4.0.0\artifacts\development\native_long_grid_135_20260915\optimization_loop\round_028\gpu_operator_timing\collector.cpp(133): note: “bool std::operator ==(const std::shared_ptr<_Ty> &,std::nullptr_t) noexcept”: 无法从“nlohmann::json_abi_v3_12_0::basic_json<nlohmann::json_abi_v3_12_0::ordered_map,std::vector,std::string,bool,int64_t,uint64_t,double,std::allocator,nlohmann::json_abi_v3_12_0::adl_serializer,std::vector<uint8_t,std::allocator<uint8_t>>,void>”推导出“const std::shared_ptr<_Ty> &”的 模板 参数
C:\Program Files (x86)\Microsoft Visual Studio\2022\BuildTools\VC\Tools\MSVC\14.44.35207\include\memory(1928): note: 或    “bool std::operator ==(std::nullptr_t,const std::shared_ptr<_Ty> &) noexcept”
F:\codex_project\37_LLMsim\heterollm-sim-4.0.0\artifacts\development\native_long_grid_135_20260915\optimization_loop\round_028\gpu_operator_timing\collector.cpp(133): note: “bool std::operator ==(std::nullptr_t,const std::shared_ptr<_Ty> &) noexcept”: 无法从“void”推导出“const std::shared_ptr<_Ty> &”的 模板 参数
C:\Program Files (x86)\Microsoft Visual Studio\2022\BuildTools\VC\Tools\MSVC\14.44.35207\include\memory(3666): note: 或    “bool std::operator ==(const std::unique_ptr<_Ty,_Dx> &,const std::unique_ptr<_Ty2,_Dx2> &)”
F:\codex_project\37_LLMsim\heterollm-sim-4.0.0\artifacts\development\native_long_grid_135_20260915\optimization_loop\round_028\gpu_operator_timing\collector.cpp(133): note: “bool std::operator ==(const std::unique_ptr<_Ty,_Dx> &,const std::unique_ptr<_Ty2,_Dx2> &)”: 无法从“nlohmann::json_abi_v3_12_0::basic_json<nlohmann::json_abi_v3_12_0::ordered_map,std::vector,std::string,bool,int64_t,uint64_t,double,std::allocator,nlohmann::json_abi_v3_12_0::adl_serializer,std::vector<uint8_t,std::allocator<uint8_t>>,void>”推导出“const std::unique_ptr<_Ty,_Dx> &”的 模板 参数
C:\Program Files (x86)\Microsoft Visual Studio\2022\BuildTools\VC\Tools\MSVC\14.44.35207\include\memory(3712): note: 或    “bool std::operator ==(const std::unique_ptr<_Ty,_Dx> &,std::nullptr_t) noexcept”
F:\codex_project\37_LLMsim\heterollm-sim-4.0.0\artifacts\development\native_long_grid_135_20260915\optimization_loop\round_028\gpu_operator_timing\collector.cpp(133): note: “bool std::operator ==(const std::unique_ptr<_Ty,_Dx> &,std::nullptr_t) noexcept”: 无法从“nlohmann::json_abi_v3_12_0::basic_json<nlohmann::json_abi_v3_12_0::ordered_map,std::vector,std::string,bool,int64_t,uint64_t,double,std::allocator,nlohmann::json_abi_v3_12_0::adl_serializer,std::vector<uint8_t,std::allocator<uint8_t>>,void>”推导出“const std::unique_ptr<_Ty,_Dx> &”的 模板 参数
C:\Program Files (x86)\Microsoft Visual Studio\2022\BuildTools\VC\Tools\MSVC\14.44.35207\include\memory(3718): note: 或    “bool std::operator ==(std::nullptr_t,const std::unique_ptr<_Ty,_Dx> &) noexcept”
F:\codex_project\37_LLMsim\heterollm-sim-4.0.0\artifacts\development\native_long_grid_135_20260915\optimization_loop\round_028\gpu_operator_timing\collector.cpp(133): note: “bool std::operator ==(std::nullptr_t,const std::unique_ptr<_Ty,_Dx> &) noexcept”: 无法从“void”推导出“const std::unique_ptr<_Ty,_Dx> &”的 模板 参数
C:\Program Files (x86)\Microsoft Visual Studio\2022\BuildTools\VC\Tools\MSVC\14.44.35207\include\forward_list(1589): note: 或    “bool std::operator ==(const std::forward_list<_Ty,_Alloc> &,const std::forward_list<_Ty,_Alloc> &)”
F:\codex_project\37_LLMsim\heterollm-sim-4.0.0\artifacts\development\native_long_grid_135_20260915\optimization_loop\round_028\gpu_operator_timing\collector.cpp(133): note: “bool std::operator ==(const std::forward_list<_Ty,_Alloc> &,const std::forward_list<_Ty,_Alloc> &)”: 无法从“nlohmann::json_abi_v3_12_0::basic_json<nlohmann::json_abi_v3_12_0::ordered_map,std::vector,std::string,bool,int64_t,uint64_t,double,std::allocator,nlohmann::json_abi_v3_12_0::adl_serializer,std::vector<uint8_t,std::allocator<uint8_t>>,void>”推导出“const std::forward_list<_Ty,_Alloc> &”的 模板 参数
C:\Program Files (x86)\Microsoft Visual Studio\2022\BuildTools\VC\Tools\MSVC\14.44.35207\include\map(400): note: 或    “bool std::operator ==(const std::map<_Kty,_Ty,_Pr,_Alloc> &,const std::map<_Kty,_Ty,_Pr,_Alloc> &)”
F:\codex_project\37_LLMsim\heterollm-sim-4.0.0\artifacts\development\native_long_grid_135_20260915\optimization_loop\round_028\gpu_operator_timing\collector.cpp(133): note: “bool std::operator ==(const std::map<_Kty,_Ty,_Pr,_Alloc> &,const std::map<_Kty,_Ty,_Pr,_Alloc> &)”: 无法从“nlohmann::json_abi_v3_12_0::basic_json<nlohmann::json_abi_v3_12_0::ordered_map,std::vector,std::string,bool,int64_t,uint64_t,double,std::allocator,nlohmann::json_abi_v3_12_0::adl_serializer,std::vector<uint8_t,std::allocator<uint8_t>>,void>”推导出“const std::map<_Kty,_Ty,_Pr,_Alloc> &”的 模板 参数
C:\Program Files (x86)\Microsoft Visual Studio\2022\BuildTools\VC\Tools\MSVC\14.44.35207\include\map(631): note: 或    “bool std::operator ==(const std::multimap<_Kty,_Ty,_Pr,_Alloc> &,const std::multimap<_Kty,_Ty,_Pr,_Alloc> &)”
F:\codex_project\37_LLMsim\heterollm-sim-4.0.0\artifacts\development\native_long_grid_135_20260915\optimization_loop\round_028\gpu_operator_timing\collector.cpp(133): note: “bool std::operator ==(const std::multimap<_Kty,_Ty,_Pr,_Alloc> &,const std::multimap<_Kty,_Ty,_Pr,_Alloc> &)”: 无法从“nlohmann::json_abi_v3_12_0::basic_json<nlohmann::json_abi_v3_12_0::ordered_map,std::vector,std::string,bool,int64_t,uint64_t,double,std::allocator,nlohmann::json_abi_v3_12_0::adl_serializer,std::vector<uint8_t,std::allocator<uint8_t>>,void>”推导出“const std::multimap<_Kty,_Ty,_Pr,_Alloc> &”的 模板 参数
C:\Program Files (x86)\Microsoft Visual Studio\2022\BuildTools\VC\Tools\MSVC\14.44.35207\include\valarray(1032): note: 或    “std::_Boolarray std::operator ==(const std::valarray<_Ty> &,const valarray<_Ty>::value_type &)”
F:\codex_project\37_LLMsim\heterollm-sim-4.0.0\artifacts\development\native_long_grid_135_20260915\optimization_loop\round_028\gpu_operator_timing\collector.cpp(133): note: “std::_Boolarray std::operator ==(const std::valarray<_Ty> &,const valarray<_Ty>::value_type &)”: 无法从“nlohmann::json_abi_v3_12_0::basic_json<nlohmann::json_abi_v3_12_0::ordered_map,std::vector,std::string,bool,int64_t,uint64_t,double,std::allocator,nlohmann::json_abi_v3_12_0::adl_serializer,std::vector<uint8_t,std::allocator<uint8_t>>,void>”推导出“const std::valarray<_Ty> &”的 模板 参数
C:\Program Files (x86)\Microsoft Visual Studio\2022\BuildTools\VC\Tools\MSVC\14.44.35207\include\valarray(1042): note: 或    “std::_Boolarray std::operator ==(const valarray<_Ty>::value_type &,const std::valarray<_Ty> &)”
F:\codex_project\37_LLMsim\heterollm-sim-4.0.0\artifacts\development\native_long_grid_135_20260915\optimization_loop\round_028\gpu_operator_timing\collector.cpp(133): note: “std::_Boolarray std::operator ==(const valarray<_Ty>::value_type &,const std::valarray<_Ty> &)”: 无法从“void”推导出“const std::valarray<_Ty> &”的 模板 参数
C:\Program Files (x86)\Microsoft Visual Studio\2022\BuildTools\VC\Tools\MSVC\14.44.35207\include\valarray(1052): note: 或    “std::_Boolarray std::operator ==(const std::valarray<_Ty> &,const std::valarray<_Ty> &)”
F:\codex_project\37_LLMsim\heterollm-sim-4.0.0\artifacts\development\native_long_grid_135_20260915\optimization_loop\round_028\gpu_operator_timing\collector.cpp(133): note: “std::_Boolarray std::operator ==(const std::valarray<_Ty> &,const std::valarray<_Ty> &)”: 无法从“nlohmann::json_abi_v3_12_0::basic_json<nlohmann::json_abi_v3_12_0::ordered_map,std::vector,std::string,bool,int64_t,uint64_t,double,std::allocator,nlohmann::json_abi_v3_12_0::adl_serializer,std::vector<uint8_t,std::allocator<uint8_t>>,void>”推导出“const std::valarray<_Ty> &”的 模板 参数
C:\Program Files (x86)\Microsoft Visual Studio\2022\BuildTools\VC\Tools\MSVC\14.44.35207\include\optional(647): note: 或    “bool std::operator ==(const std::optional<_Ty> &,const std::optional<_Ty2> &) noexcept(<expr>)”
F:\codex_project\37_LLMsim\heterollm-sim-4.0.0\artifacts\development\native_long_grid_135_20260915\optimization_loop\round_028\gpu_operator_timing\collector.cpp(133): note: “bool std::operator ==(const std::optional<_Ty> &,const std::optional<_Ty2> &) noexcept(<expr>)”: 无法从“nlohmann::json_abi_v3_12_0::basic_json<nlohmann::json_abi_v3_12_0::ordered_map,std::vector,std::string,bool,int64_t,uint64_t,double,std::allocator,nlohmann::json_abi_v3_12_0::adl_serializer,std::vector<uint8_t,std::allocator<uint8_t>>,void>”推导出“const std::optional<_Ty> &”的 模板 参数
C:\Program Files (x86)\Microsoft Visual Studio\2022\BuildTools\VC\Tools\MSVC\14.44.35207\include\optional(763): note: 或    “bool std::operator ==(const std::optional<_Ty> &,std::nullopt_t) noexcept”
F:\codex_project\37_LLMsim\heterollm-sim-4.0.0\artifacts\development\native_long_grid_135_20260915\optimization_loop\round_028\gpu_operator_timing\collector.cpp(133): note: “bool std::operator ==(const std::optional<_Ty> &,std::nullopt_t) noexcept”: 无法从“nlohmann::json_abi_v3_12_0::basic_json<nlohmann::json_abi_v3_12_0::ordered_map,std::vector,std::string,bool,int64_t,uint64_t,double,std::allocator,nlohmann::json_abi_v3_12_0::adl_serializer,std::vector<uint8_t,std::allocator<uint8_t>>,void>”推导出“const std::optional<_Ty> &”的 模板 参数
C:\Program Files (x86)\Microsoft Visual Studio\2022\BuildTools\VC\Tools\MSVC\14.44.35207\include\optional(774): note: 或    “bool std::operator ==(std::nullopt_t,const std::optional<_Ty> &) noexcept”
F:\codex_project\37_LLMsim\heterollm-sim-4.0.0\artifacts\development\native_long_grid_135_20260915\optimization_loop\round_028\gpu_operator_timing\collector.cpp(133): note: “bool std::operator ==(std::nullopt_t,const std::optional<_Ty> &) noexcept”: 无法从“void”推导出“const std::optional<_Ty> &”的 模板 参数
C:\Program Files (x86)\Microsoft Visual Studio\2022\BuildTools\VC\Tools\MSVC\14.44.35207\include\optional(852): note: 或    “bool std::operator ==(const std::optional<_Ty> &,const _Ty2 &) noexcept(<expr>)”
F:\codex_project\37_LLMsim\heterollm-sim-4.0.0\artifacts\development\native_long_grid_135_20260915\optimization_loop\round_028\gpu_operator_timing\collector.cpp(133): note: “bool std::operator ==(const std::optional<_Ty> &,const _Ty2 &) noexcept(<expr>)”: 无法从“nlohmann::json_abi_v3_12_0::basic_json<nlohmann::json_abi_v3_12_0::ordered_map,std::vector,std::string,bool,int64_t,uint64_t,double,std::allocator,nlohmann::json_abi_v3_12_0::adl_serializer,std::vector<uint8_t,std::allocator<uint8_t>>,void>”推导出“const std::optional<_Ty> &”的 模板 参数
C:\Program Files (x86)\Microsoft Visual Studio\2022\BuildTools\VC\Tools\MSVC\14.44.35207\include\optional(861): note: 或    “bool std::operator ==(const _Ty1 &,const std::optional<_Ty2> &) noexcept(<expr>)”
F:\codex_project\37_LLMsim\heterollm-sim-4.0.0\artifacts\development\native_long_grid_135_20260915\optimization_loop\round_028\gpu_operator_timing\collector.cpp(133): note: “bool std::operator ==(const _Ty1 &,const std::optional<_Ty2> &) noexcept(<expr>)”: 无法从“void”推导出“const std::optional<_Ty2> &”的 模板 参数
F:\codex_project\37_LLMsim\heterollm-sim-4.0.0\source\llama.cpp-semantic\vendor\nlohmann\json.hpp(15435): note: 或    “bool nlohmann::json_abi_v3_12_0::operator ==(const nlohmann::json_abi_v3_12_0::json_pointer<RefStringType> &,const nlohmann::json_abi_v3_12_0::json_pointer<RefStringTypeRhs> &) noexcept”
F:\codex_project\37_LLMsim\heterollm-sim-4.0.0\artifacts\development\native_long_grid_135_20260915\optimization_loop\round_028\gpu_operator_timing\collector.cpp(133): note: “bool nlohmann::json_abi_v3_12_0::operator ==(const nlohmann::json_abi_v3_12_0::json_pointer<RefStringType> &,const nlohmann::json_abi_v3_12_0::json_pointer<RefStringTypeRhs> &) noexcept”: 无法从“nlohmann::json_abi_v3_12_0::basic_json<nlohmann::json_abi_v3_12_0::ordered_map,std::vector,std::string,bool,int64_t,uint64_t,double,std::allocator,nlohmann::json_abi_v3_12_0::adl_serializer,std::vector<uint8_t,std::allocator<uint8_t>>,void>”推导出“const nlohmann::json_abi_v3_12_0::json_pointer<RefStringType> &”的 模板 参数
F:\codex_project\37_LLMsim\heterollm-sim-4.0.0\source\llama.cpp-semantic\vendor\nlohmann\json.hpp(15444): note: 或    “bool nlohmann::json_abi_v3_12_0::operator ==(const nlohmann::json_abi_v3_12_0::json_pointer<RefStringType> &,const StringType &)”
F:\codex_project\37_LLMsim\heterollm-sim-4.0.0\artifacts\development\native_long_grid_135_20260915\optimization_loop\round_028\gpu_operator_timing\collector.cpp(133): note: “bool nlohmann::json_abi_v3_12_0::operator ==(const nlohmann::json_abi_v3_12_0::json_pointer<RefStringType> &,const StringType &)”: 无法从“nlohmann::json_abi_v3_12_0::basic_json<nlohmann::json_abi_v3_12_0::ordered_map,std::vector,std::string,bool,int64_t,uint64_t,double,std::allocator,nlohmann::json_abi_v3_12_0::adl_serializer,std::vector<uint8_t,std::allocator<uint8_t>>,void>”推导出“const nlohmann::json_abi_v3_12_0::json_pointer<RefStringType> &”的 模板 参数
F:\codex_project\37_LLMsim\heterollm-sim-4.0.0\source\llama.cpp-semantic\vendor\nlohmann\json.hpp(15453): note: 或    “bool nlohmann::json_abi_v3_12_0::operator ==(const StringType &,const nlohmann::json_abi_v3_12_0::json_pointer<RefStringType> &)”
F:\codex_project\37_LLMsim\heterollm-sim-4.0.0\artifacts\development\native_long_grid_135_20260915\optimization_loop\round_028\gpu_operator_timing\collector.cpp(133): note: “bool nlohmann::json_abi_v3_12_0::operator ==(const StringType &,const nlohmann::json_abi_v3_12_0::json_pointer<RefStringType> &)”: 无法从“void”推导出“const nlohmann::json_abi_v3_12_0::json_pointer<RefStringType> &”的 模板 参数
F:\codex_project\37_LLMsim\heterollm-sim-4.0.0\source\llama.cpp-semantic\vendor\nlohmann\json.hpp(23844): note: 或    “bool nlohmann::json_abi_v3_12_0::operator ==(const nlohmann::json_abi_v3_12_0::basic_json<std::map,std::vector,std::string,bool,int64_t,uint64_t,double,std::allocator,nlohmann::json_abi_v3_12_0::adl_serializer,std::vector<uint8_t,std::allocator<uint8_t>>,void> &,ScalarType) noexcept”
F:\codex_project\37_LLMsim\heterollm-sim-4.0.0\artifacts\development\native_long_grid_135_20260915\optimization_loop\round_028\gpu_operator_timing\collector.cpp(133): note: “bool nlohmann::json_abi_v3_12_0::operator ==(const nlohmann::json_abi_v3_12_0::basic_json<std::map,std::vector,std::string,bool,int64_t,uint64_t,double,std::allocator,nlohmann::json_abi_v3_12_0::adl_serializer,std::vector<uint8_t,std::allocator<uint8_t>>,void> &,ScalarType) noexcept”: 无法推导“__formal”的 模板 参数
F:\codex_project\37_LLMsim\heterollm-sim-4.0.0\source\llama.cpp-semantic\vendor\nlohmann\json.hpp(23843): note: “type”: 不是“std::enable_if<false,int>”的任何直接或间接基类的成员
F:\codex_project\37_LLMsim\heterollm-sim-4.0.0\source\llama.cpp-semantic\vendor\nlohmann\json.hpp(23853): note: 或    “bool nlohmann::json_abi_v3_12_0::operator ==(ScalarType,const nlohmann::json_abi_v3_12_0::basic_json<std::map,std::vector,std::string,bool,int64_t,uint64_t,double,std::allocator,nlohmann::json_abi_v3_12_0::adl_serializer,std::vector<uint8_t,std::allocator<uint8_t>>,void> &) noexcept”
F:\codex_project\37_LLMsim\heterollm-sim-4.0.0\artifacts\development\native_long_grid_135_20260915\optimization_loop\round_028\gpu_operator_timing\collector.cpp(133): note: “bool nlohmann::json_abi_v3_12_0::operator ==(ScalarType,const nlohmann::json_abi_v3_12_0::basic_json<std::map,std::vector,std::string,bool,int64_t,uint64_t,double,std::allocator,nlohmann::json_abi_v3_12_0::adl_serializer,std::vector<uint8_t,std::allocator<uint8_t>>,void> &) noexcept”: 无法推导“__formal”的 模板 参数
F:\codex_project\37_LLMsim\heterollm-sim-4.0.0\source\llama.cpp-semantic\vendor\nlohmann\json.hpp(23852): note: “type”: 不是“std::enable_if<false,int>”的任何直接或间接基类的成员
F:\codex_project\37_LLMsim\heterollm-sim-4.0.0\source\llama.cpp-semantic\vendor\nlohmann\json.hpp(23844): note: 或    “bool nlohmann::json_abi_v3_12_0::operator ==(const nlohmann::json_abi_v3_12_0::basic_json<nlohmann::json_abi_v3_12_0::ordered_map,std::vector,std::string,bool,int64_t,uint64_t,double,std::allocator,nlohmann::json_abi_v3_12_0::adl_serializer,std::vector<uint8_t,std::allocator<uint8_t>>,void> &,ScalarType) noexcept”
F:\codex_project\37_LLMsim\heterollm-sim-4.0.0\artifacts\development\native_long_grid_135_20260915\optimization_loop\round_028\gpu_operator_timing\collector.cpp(133): note: “bool nlohmann::json_abi_v3_12_0::operator ==(const nlohmann::json_abi_v3_12_0::basic_json<nlohmann::json_abi_v3_12_0::ordered_map,std::vector,std::string,bool,int64_t,uint64_t,double,std::allocator,nlohmann::json_abi_v3_12_0::adl_serializer,std::vector<uint8_t,std::allocator<uint8_t>>,void> &,ScalarType) noexcept”: 无法推导“__formal”的 模板 参数
F:\codex_project\37_LLMsim\heterollm-sim-4.0.0\source\llama.cpp-semantic\vendor\nlohmann\json.hpp(23843): note: “type”: 不是“std::enable_if<false,int>”的任何直接或间接基类的成员
F:\codex_project\37_LLMsim\heterollm-sim-4.0.0\source\llama.cpp-semantic\vendor\nlohmann\json.hpp(23853): note: 或    “bool nlohmann::json_abi_v3_12_0::operator ==(ScalarType,const nlohmann::json_abi_v3_12_0::basic_json<nlohmann::json_abi_v3_12_0::ordered_map,std::vector,std::string,bool,int64_t,uint64_t,double,std::allocator,nlohmann::json_abi_v3_12_0::adl_serializer,std::vector<uint8_t,std::allocator<uint8_t>>,void> &) noexcept”
F:\codex_project\37_LLMsim\heterollm-sim-4.0.0\artifacts\development\native_long_grid_135_20260915\optimization_loop\round_028\gpu_operator_timing\collector.cpp(133): note: “bool nlohmann::json_abi_v3_12_0::operator ==(ScalarType,const nlohmann::json_abi_v3_12_0::basic_json<nlohmann::json_abi_v3_12_0::ordered_map,std::vector,std::string,bool,int64_t,uint64_t,double,std::allocator,nlohmann::json_abi_v3_12_0::adl_serializer,std::vector<uint8_t,std::allocator<uint8_t>>,void> &) noexcept”: 无法推导“__formal”的 模板 参数
F:\codex_project\37_LLMsim\heterollm-sim-4.0.0\source\llama.cpp-semantic\vendor\nlohmann\json.hpp(23852): note: “type”: 不是“std::enable_if<false,int>”的任何直接或间接基类的成员
F:\codex_project\37_LLMsim\heterollm-sim-4.0.0\artifacts\development\native_long_grid_135_20260915\optimization_loop\round_028\gpu_operator_timing\collector.cpp(133): note: 尝试匹配参数列表“(nlohmann::json_abi_v3_12_0::basic_json<nlohmann::json_abi_v3_12_0::ordered_map,std::vector,std::string,bool,int64_t,uint64_t,double,std::allocator,nlohmann::json_abi_v3_12_0::adl_serializer,std::vector<uint8_t,std::allocator<uint8_t>>,void>, void)”时
